[
    {
        "title": "BTG Pactual confirma negociação para venda de fatia na Pan Seguros",
        "text": "O Banco BTG Pactual confirmou nesta terça-feira (12) que está envolvido em discussões sobre a potencial venda de sua participação na Pan Seguros, acrescentando que as conversas também envolvem alienação de participação na Pan Corretora. As fatias correspondem, em conjunto, a aproximadamente 0,1% dos ativos do BTG Pactual, disse o grupo financeiro em comunicado. O grupo segurador francês CNP Assurances ingressou em negociações exclusivas para comprar a participação de 51% do BTG Pactual na Pan Seguros, afirmaram duas fontes com conhecimento do assunto nesta terça-feira (12). A CNP Assurances ofereceu R$ 1,6 bilhão pela participação, superando propostas de seguradoras que incluem Axa e MetLife, disse uma das fontes. Representantes do BTG Pactual e da CNP Assurances não comentaram o assunto. A Reuters publicou na segunda-feira (11) que o BTG Pactual havia pedido aos interessados no negócio para enviarem até fevereiro ofertas vinculantes pela participação na Pan Seguros.  A primeira rodada de ofertas em dezembro avaliou a Pan Seguros entre R$ 1 bilhão e R$ 1,3 bilhão, disseram várias fontes. O BTG Pactual assumiu controle da Pan Seguros no ano passado. A Caixapar, braço de investimentos da Caixa, detém os 49% restantes da Pan Seguros, disseram as fontes. A CNP Assurances opera no Brasil desde 2001 por meio da Caixa Seguradora, uma subsidiária controlada em conjunto com a Caixa. Os mercados de seguros da América Latina estão pouco desenvolvidos, afirmam especialistas no setor, o que abre oportunidade para seguradoras internacionais cujos mercados domésticos estão maduros. CRISE NO BTG O banco BTG Pactual tem se desfeito de ativos para aumentar o dinheiro em caixa disponível em meio à crise que vive, após a prisão de seu ex-controlador, André Esteves. No final de dezembro, o Itaú Unibanco informou que fechou acordo com o Banco BTG Pactual para a compra da participação de 81,94% do BTG na empresa de recuperação de crédito Recovery do Brasil Consultoria por R$ 640 milhões. O banco vendeu também em dezembro créditos e títulos de renda fixa para o Itaú BBA, banco de investimento do Itaú Unibanco, no montante de cerca de R$ 900 milhões.",
        "class_label": 0,
        "prediction": "2"
    },
    {
        "title": "Investimentos e poupança vão a debate nesta 2ª",
        "text": "Na próxima segunda-feira (4), o Cebrap (Centro Brasileiro de Análise e Planejamento) em parceria com a Folha de S.Paulo, promoverá mais um encontro da série \"Diálogos\", focando na conjuntura econômica do país. A sessão contará com a presença de Cláudio Hamilton dos Santos, pesquisador do Ipea, e Samuel Pêssoa, colunista da Folha e integrante do Ibre/FGV. O tema central do debate será a questão dos investimentos e da poupança no contexto brasileiro. Álvaro Fagundes, editor-adjunto da seção \"Mercado\", será o responsável pela mediação do evento.  A atividade está programada para ocorrer das 9h30 às 11h30 no auditório do Cebrap, localizado na rua Morgado de Mateus, 615, no bairro Vila Mariana, em São Paulo. O acesso é gratuito e não requer inscrição prévia.  Esses encontros, parte da série \"Diálogos\", visam analisar os desafios econômicos do Brasil sob uma perspectiva técnica, levando em conta também os aspectos políticos e sociais que afetam essas questões.",
        "class_label": 2,
        "prediction": "1"
    },
    {
        "title": "A bagunça das crianças é um problema só delas? Leia texto de Rosely Sayão",
        "text": "Imagine que seus pais deixem a arrumação de seu quarto por sua conta e que eles não se importam com o jeito com que ele fica. É só imaginação, claro, porque os pais se importam, sim, com a organização do seu quarto. Você pode achar isso uma bobagem. Afinal, qual o problema de deixar uma roupa fora do armário, a toalha de banho na cadeira, alguns brinquedos espalhados e pratos de lanche sobre um móvel? Ter o quarto arrumado ou desorganizado é um problema só seu, não é verdade? Mas na sala de sua casa ou na escola, o problema não é mais só seu: é de muitas outras pessoas. Leia a coluna completa e veja a tira de Armandinho aqui.",
        "class_label": 0,
        "prediction": "2"
    },
    {
        "title": "Unesp divulga resultado do vestibular 2016",
        "text": "A Universidade Estadual Paulista (Unesp) anunciou na manhã desta segunda-feira, 13 de junho, o resultado do vestibular 2016. A lista dos aprovados pode ser consultada no site oficial da Vunesp, organizadora do exame. A prova, realizada em duas fases, contou com mais de 100 mil inscritos, disputando vagas em 175 cursos de graduação distribuídos em 34 cidades do estado de São Paulo. A segunda fase ocorreu nos dias 18 e 19 de maio, e os candidatos enfrentaram questões discursivas e uma redação. A universidade ofereceu neste ano 7.725 vagas, sendo 50% reservadas para o sistema de cotas, que inclui estudantes de escolas públicas, negros, pardos e indígenas. Os aprovados deverão realizar a matrícula virtual entre os dias 14 e 16 de junho, seguindo as instruções disponíveis no portal da Vunesp. Para mais informações, os candidatos podem acessar o site ou entrar em contato pelo telefone 0800-2834628. A Unesp destaca que os aprovados iniciarão as aulas no segundo semestre letivo, que tem início previsto para o mês de agosto. A instituição também informou que haverá uma segunda chamada, com divulgação prevista para o dia 20 de junho.",
        "class_label": 1,
        "prediction": "2"
    },
    {
        "title": "Veja os cartuns de Arnaldo Branco e Laura Lannes sobre férias de inverno",
        "text": "",
        "class_label": 0,
        "prediction": "1"
    },
    {
        "title": "Simpatia pode estar relacionada a formato do cérebro, dizem cientistas",
        "text": "Características de personalidade podem estar relacionadas com a forma do cérebro, revelou um estudo, que mediu a correlação entre as diferenças estruturais do órgão e os cinco principais traços de caráter. \"O formato dos nossos cérebros pode aportar chaves surpreendentes sobre o nosso comportamento e os riscos que corremos de desenvolver distúrbios mentais\", informou, em um comunicado, a Universidade de Cambridge, que participou do estudo. Para a pesquisa, um grupo de psicólogos identificou cinco elementos básicos da personalidade: o nível de neurose, a extroversão, a abertura da mente, a amabilidade e o excesso de escrúpulos. Os estudiosos analisaram exames de scanner de 500 pessoas com idades entre 22 e 36 anos para examinar as diferenças no córtex, onde fica a matéria cinzenta. Os especialistas se concentraram em medir a espessura, a área e o número de pregas nos cérebros das diferentes pessoas. \"Descobrimos que o nível de neurose está relacionado com um córtex mais grosso e com área menor e menos pregas em algumas regiões\", disse Roberta Riccelli, acadêmica da Universidade Magna Graecia da Itália e coautora do estudo. Inversamente, a abertura mental \"foi associada a um córtex mais fino e a uma área maior e a mais pregas\". O estudo foi o primeiro a relacionar estes cinco traços com diferenças no formato do cérebro, disse Riccelli à AFP. Este é \"um passo crucial para melhorar a compreensão que temos das doenças mentais\", explicou a especialista. \"Isto pode nos dar a oportunidade de identificar de forma preventiva pessoas que tenham alto risco de desenvolver uma doença mental, o que tem implicações evidentes para uma intervenção rápida\", afirmou. Os pesquisadores abordaram um questionamento que tem inquietado filósofos e cientistas durante séculos: se as pessoas são produto da genética, da criação ou do ambiente. O estudo publicado na revista \"Journal Social Cognitive and Affective Neuroscience\", no entanto, não mostrou de forma conclusiva uma relação entre formato do cérebro e tipo de personalidade, destacaram os autores. \"Não podemos responder à pergunta de quem veio primeiro, o ovo ou a galinha\", disse Riccelli, destacando que a forma do cérebro é determinada pela genética e também por fatores ambientais.",
        "class_label": 0,
        "prediction": "2"
    },
    {
        "title": "Rei do fast food tem carne feita na grelha e refil de refrigerante grátis",
        "text": "ANNA VIRGINIA BALLOUSSIER DE SÃO PAULO Há hambúrguer, alface, queijo, molho especial, cebola, picles e pão com gergelim, mas não se engane, não estamos falando de um sanduíche comum. Desde que o palhaço Ronald McDonald's decepcionou em 2014, a liderança no segmento de \"fast food\" foi assumida por uma cadeia de lanchonetes que surgiu nos EUA em 1954 e só desembarcou no Brasil cinco décadas depois. O que torna o Burger King tão especial? Um bom ponto de partida é o refil gratuito de refrigerante. Além disso, a rede aposta em opções de \"fast food gourmet\", uma combinação tão inusitada quanto um restaurante D.O.M. e um boteco com ovo roxo - as carnes do Burger King são preparadas na grelha. Em linhas gerais, o segredo do sucesso é algo conhecido no setor: porções generosas entregues em um piscar de olhos (o pedido é servido em questão de minutos). Só um copo de meio litro de milk-shake de Ovomaltine (mais espesso que o tradicional do Bob's) contém 911 calorias, um fato que pode ser constatado se alguém se arriscar a ler o quadro nutricional em letras pequenas na parede. Diante de tentações como a casquinha sabor chocolate Sensação (com recheio de morango no final) e o lanche temático de Halloween, com pão preto com sabor de churrasco, carne, bacon e queijo, talvez seja melhor não se preocupar com as calorias. Um detalhe curioso: as redes sociais foram a loucura com relatos de consumidores sobre um efeito colateral inesperado desse banquete: fezes verdes, uma brincadeira típica do Dia das Bruxas. Até o sanduíche vegetariano é um desafio para os que seguem uma dieta restritiva: em vez de carne, uma massa de batata recheada com queijo, estilo polpetone. Se a quantidade de maionese não for suficiente, é possível adquirir um sachê extra por apenas R$ 0,25. Para quem busca uma opção menos calórica, o preço pode ser salgado. Há quem opte por um suco light em lata (vendido por R$ 6 em um restaurante já considerado caro), que custa R$ 9,90. No fim das contas, ir ao \"Rei do Hambúrguer\" (o nome da rede em português) é como se expor à chuva. Se não for para se molhar, talvez seja melhor pedir algumas dicas de culinária saudável à chef Bela Gil, como o já famoso churrasco de melancia. Localizado na R. Tabapuã, 1.265, no Itaim Bibi, região oeste, sem telefone. Capacidade para 50 pessoas. Aberto de segunda a domingo, das 10h às 22h.",
        "class_label": 2,
        "prediction": "0"
    },
    {
        "title": "Médico de celebridades é esfaqueado durante a madrugada no Leblon",
        "text": "O médico endocrinologista Fabiano Serfaty, conhecido por atender a celebridades, foi esfaqueado na madrugada desta sexta-feira (1º) após uma confusão no Leblon, zona sul do Rio. Serfaty teve dois pulmões perfurados e foi operado durante a manhã. Está internado na UTI do Hospital Samaritano e, segundo boletim médico, seu estado de saúde é estável. O endocrinologista é conhecido por receitar dietas de emagrecimento a personalidades. Entre seus pacientes estão a atriz Fernanda Paes Leme e as gêmeas do nado sincronizado Bia e Branca Feres. Amiga de Serfaty, a jornalista Fernanda Thedim o acompanhou no hospital durante o dia. Fernanda afirmou que ele está bastante debilitado fisicamente porque perdeu muito sangue com os ferimentos e fala com dificuldade. A jornalista narrou à Folha a versão de Serfaty sobre o ocorrido. Segundo o médico, ele estava caminhando para casa, por volta de 4h da madrugada, e parou para ajudar uma mulher que estava chorando na calçada. Ela teria dispensado a ajuda e ele, ido embora. Em seguida, um homem gritando \"minha mulher, minha mulher\" teria atacado Serfaty, que caiu no chão. Nesse momento, a mulher teria vindo por trás do médico e desferido duas facadas. Serfaty, que estava sozinho, ainda conseguiu chegar em casa e foi levado para o hospital por seus pais. O médico e sua família acreditam que o incidente era parte de uma tentativa de golpe. Ainda de acordo com Fernanda, investigadores da polícia foram ao hospital para ouvir o médico. Procurada, a assessoria da Polícia Civil não se posicionou sobre o caso.",
        "class_label": 0,
        "prediction": "2"
    },
    {
        "title": "Alalaô: Vila Madalena, na zona oeste de SP, tenta barrar blocos de rua",
        "text": "JAIRO MARQUES DE SÃO PAULO Uma parcela dos habitantes e comerciantes da Vila Madalena (região oeste de São Paulo) julga que a comunicação com a administração municipal e com os blocos do Carnaval de rua se encerrou e, por isso, está adotando uma postura de oposição na busca ... Leia o artigo completo no blog",
        "class_label": 2,
        "prediction": "0"
    },
    {
        "title": "Rádio britânica divulga canção perdida do início da carreira do Pink Floyd",
        "text": "Uma canção pouco conhecida do Pink Floyd, intitulada \"Vegetable Man\" e cantada pelo integrante fundador Syd Barrett, foi apresentada pela primeira vez na manhã desta sexta (4) em um programa da rádio britânica BBC 6 Music. Ela teria sido escrita por Barrett em 1965 e gravada dois anos depois, pouco antes do músico deixar o grupo devido a uma doença mental. A canção jamais foi divulgada, ainda que pudesse ser encontrada no mercado negro. É possível escutar à faixa no site da rádio (a partir do minuto 51:18). Segundo o agente do Pink Floyd, Peter Jenner, o baixista do grupo, Roger Waters, não queria lançar a canção por considerá-la muito sombria e incompleta. Waters também abandonou o grupo em 1985, afirmando que não queria ter nada a ver com a banda. Assim como outros exemplares perdidos, a faixa terá seu lançamento oficial no box \"The Early Years 1965-1972\", que explora o início do lendário grupo de rock britânico e estará disponível a partir de 11 de novembro. A coletânea reúne cerca de 20 faixas que jamais haviam sido divulgadas até o momento. O box, que também irá conter sete livros, dos quais seis serão vendidos separadamente em 2017, não cobre o período de maior sucesso do Pink Floyd. O álbum \"The Dark Side of the Moon\", lançado em 1973 e em parte inspirado nos problemas mentais de Syd Barrett, continua sendo um dos mais vendidos de todos os tempos, com 45 milhões de cópias. A banda liderada por David Gilmour lançou em 2014 o que seria seu último álbum, \"The Endless River\".",
        "class_label": 0,
        "prediction": "2"
    },
    {
        "title": "Governo revisa regras fitossanitárias e flexibiliza normas de congelamento",
        "text": "O governo interino de Michel Temer anunciou nesta quarta-feira (24) medidas para reduzir a burocracia e agilizar procedimentos no setor do agronegócio brasileiro. O chamado \"Plano Agro +\" inclui a revisão de regras de certificação fitossanitárias e o fim da reinspeção nos portos e carregamentos vindos de unidades do SIF (Serviço de Inspeção Federal). Ele também prevê a adoção de uma temperatura menor para o congelamento da carne suína, de -18ºC para -12ºC, seguindo regras internacionais, e a fixação de um protocolo mais simplificado para o sistema de rótulos e produtos de origem manual. Além disso, os órgãos de fiscalização passarão ainda a aceitar laudos digitais, não apenas impressos, e também nos idiomas espanhol e inglês. A expectativa é que as medidas gerem uma economia de R$ 1 bilhão ao ano para as iniciativas pública e privada. O montante representa 0,2% do faturamento anual do agronegócio brasileiro.  \"O plano será ampliado em 60 dias e, depois, em 120 dias, quando novas normas e processos deverão ser simplificados\", explicou o secretário-executivo do Ministério da Agricultura, Eumar Novacki, segundo o qual o objetivo é atender até 90% das demandas do setor do agronegócio para simplificação e desburocratização. INCOMPETÊNCIA Em discurso, o ministro da Agricultura, Blairo Maggi, defendeu medidas de modernização e criticou a adoção de subsídios permanentes para setores do agronegócio. Para ele, a manutenção estimula a \"incompetência\" e tornar o país \"permanentemente protecionista não é o caminho correto\". \"Eu sou muito reticente a subsídios permanentes em algumas áreas. O Brasil moderno precisa socorrer em determinados momentos, mas ser permanentemente protecionista não é o caminho correto\", disse. Ele citou como exemplo o setor etanol. Segundo ele, há empresas da área que não compreenderam o processo de produção e, por isso, perderam produtividade. \"Para ter uma eficiência na questão do etanol, precisa produzir muita cana. É nisso que está a origem do lucro. E, por não entenderem o processo, perderam produtividade\", disse. Em discurso, o presidente interino ressaltou que o Ministério da Agricultura precisa atualizar seu arcabouço normativo que, segundo ele, ainda inclui regras quase centenárias. \"O objetivo é retirar recursos da ineficiência para investir na eficiência. E eficiência não significa a falta de fiscalização\", disse.",
        "class_label": 0,
        "prediction": "2"
    },
    {
        "title": "Na semana do Oscar, conheça os concorrentes nas principais categorias",
        "text": "A expectativa é grande para a cerimônia do Oscar, que acontece no próximo domingo, dia 9 de março. Os amantes do cinema estão ansiosos para saber quem levará as estatuetas nas principais categorias. Conheça os concorrentes: Melhor Filme: 1. \"Nomadland\" - Chloé Zhao 2. \"Os 7 de Chicago\" - Aaron Sorkin 3. \"Mank\" - David Fincher 4. \"Minari\" - Lee Isaac Chung 5. \"Judas e o Messias Negro\" - Shaka King 6. \"Bela Vingança\" - Emerald Fennell 7. \"Meu Pai\" - Florian Zeller 8. \"O Som do Silêncio\" - Darius Marder 9. \"Druk - Mais Uma Rodada\" - Thomas Vinterberg 10. \"A Voz Suprema do Blues\" - George C. Wolfe Melhor Diretor: 1. Chloé Zhao - \"Nomadland\" 2. Emerald Fennell - \"Bela Vingança\" 3. David Fincher - \"Mank\" 4. Thomas Vinterberg - \"Druk - Mais Uma Rodada\" 5. Lee Isaac Chung - \"Minari\" Melhor Ator: 1. Riz Ahmed - \"O Som do Silêncio\" 2. Anthony Hopkins - \"Meu Pai\" 3. Chadwick Boseman - \"A Voz Suprema do Blues\" 4. Steven Yeun - \"Minari\" 5. Gary Oldman - \"Mank\" Melhor Atriz: 1. Frances McDormand - \"Nomadland\" 2. Carey Mulligan - \"Bela Vingança\" 3. Viola Davis - \"A Voz Suprema do Blues\" 4. Vanessa Kirby - \"Pieces of a Woman\" 5. Andra Day - \"Estados Unidos vs. Billie Holiday\" Melhor Ator Coadjuvante: 1. Daniel Kaluuya - \"Judas e o Messias Negro\" 2. Sacha Baron Cohen - \"Os 7 de Chicago\" 3. Lakeith Stanfield - \"Judas e o Messias Negro\" 4. Paul Raci - \"O Som do Silêncio\" 5. Leslie Odom Jr. - \"Uma Noite em Miami...\" Melhor Atriz Coadjuvante: 1. Yuh-Jung Youn - \"Minari\" 2. Maria Bakalova - \"Borat: Fita de Cinema Seguinte\" 3. Glenn Close - \"Era Uma Vez um Sonho\" 4. Olivia Colman - \"Meu Pai\" 5. Amanda Seyfried - \"Mank\" Melhor Roteiro Original: 1. \"Bela Vingança\" - Emerald Fennell 2. \"Minari\" - Lee Isaac Chung 3. \"Judas e o Messias Negro\" - Will Berson, Shaka King 4. \"O Som do Silêncio\" - Darius Marder, Abraham Marder 5. \"Os 7 de Chicago\" - Aaron Sorkin Melhor Roteiro Adaptado: 1. \"Nomadland\" - Chloé Zhao 2. \"Meu Pai\" - Florian Zeller, Christopher Hampton 3. \"A Voz Suprema do Blues\" - Ruben Santiago-Hudson 4. \"Uma Noite em Miami...\" - Kemp Powers 5. \"O Tigre Branco\" - Ramin Bahrani A cerimônia promete ser emocionante, com muitos momentos marcantes. Não perca a chance de assistir ao vivo e descobrir quem serão os grandes vencedores da noite.",
        "class_label": 1,
        "prediction": "2"
    },
    {
        "title": "\n\t\tRobson Conceição conquista ouro inédito para o boxe brasileiro\n\t\t",
        "text": "Assista ao vídeo Na noite de terça-feira (16), o pugilista Robson Conceição, aos 27 anos, fez história ao conquistar a primeira medalha de ouro do boxe brasileiro.  Robson, que disputou na categoria peso ligeiro (até 60 kg), alcançou sua quarta vitória consecutiva nos Jogos Olímpicos, assegurando o primeiro lugar no pódio.  Em uma luta emocionante, Robson superou o francês Sofiane Oumiha, de 21 anos, que ocupava a sexta posição no ranking e havia derrotado Otgondalai Dorjnyambuu, o segundo colocado, na semifinal. A vitória de Robson foi por decisão unânime dos juízes, apesar de não ter vencido o terceiro round. Veja mais 2:20 http://thumb.mais.uol.com.br/15962779-large.jpg?ver=0",
        "class_label": 2,
        "prediction": "0"
    },
    {
        "title": "Finn empunha sabre de luz dos Skywalker em novo teaser de 'Star Wars 7'; veja",
        "text": "John Boyega, interpretando Finn, foi destaque no primeiro pôster de 'Star Wars: Episódio 7 - O Despertar da Força', revelado no dia 15. Agora, Finn surge pela primeira vez empunhando o icônico sabre de luz azul, que antes pertencia a Anakin e Luke Skywalker. Em um teaser divulgado nesta quinta-feira (27) no perfil do filme no Instagram, Finn segura a arma logo após Kylo Ren, interpretado por Adam Driver, puxar a sua, sugerindo um confronto iminente entre os dois na nevasca da floresta. Andy Serkis, como Snoke, líder supremo da ordem dos Cavaleiros de Ren, narra o teaser com a frase: \"Houve um despertar. Você o sentiu?\". Essa narração é acompanhada por imagens de stormtroopers em formação militar e de Rey, personagem de Daisy Ridley, que olha para o céu com BB-8 ao lado. 'O Despertar da Força' continua a história 32 anos após 'O Retorno de Jedi'. Sob a direção de J.J. Abrams, o filme, que utiliza tecnologias 3D e IMAX, tem uma previsão de bilheteria de US$ 2 bilhões. Sua estreia no Brasil está marcada para 17 de dezembro.",
        "class_label": 2,
        "prediction": "0"
    },
    {
        "title": "Duas empresas de ônibus estão em greve há três dias em Guarulhos",
        "text": "A paralisação dos motoristas e cobradores das empresas Atual e Campos dos Ouros, localizadas em Guarulhos, região metropolitana de São Paulo, entra no terceiro dia nesta segunda-feira, dia 12. A manifestação tem impacto sobre 16 linhas de ônibus municipais e cinco linhas que conectam Guarulhos a terminais na Penha e no Brás, na zona leste da capital paulista. O motivo da greve é o atraso no pagamento dos salários dos trabalhadores, que teve início no sábado, dia 10.",
        "class_label": 2,
        "prediction": "0"
    },
    {
        "title": "Erramos: Muçulmanos franceses relatam sofrer preconceito",
        "text": "A palavra \"homus\" (pasta de sementes de grão-de-bico, usada especialmente na cozinha sírio-libanesa) foi grafada incorretamente, como \"húmus\", no texto \"Muçulmanos franceses relatam sofrer preconceito\" (Mundo - 11/1/2015 - 02h00). O erro foi corrigido.",
        "class_label": 0,
        "prediction": "2"
    },
    {
        "title": "Petrobras confirma irregularidades em contrato com a Braskem",
        "text": "A Petrobras confirmou, em nota enviada à Comissão de Valores Mobiliários (CVM), irregularidades nas negociações do contrato de fornecimento de nafta à Braskem, assinado em 2009. Segundo a companhia, a aprovação do documento não seguiu os procedimentos internos necessários. O contrato foi assinado pelo ex-diretor de abastecimento da estatal, Paulo Roberto Costa, que admitiu aos investigadores da Operação Lava Jato ter recebido pagamentos indevidos da construtora Odebrecht, controladora da petroquímica. Segundo o comunicado da Petrobras, uma comissão interna de apuração, instalada após as delações premiadas de Costa e do doleiro Alberto Youssef, \"identificou não-conformidades em relação aos procedimentos internos de aprovação do contrato de fornecimento de nafta petroquímica à Braskem\". A empresa não detalhou que tipo de irregularidades foram constatadas. O contrato previa o fornecimento de nafta com desconto sobre a cotação ARA (Amsterda-Roterda-Antuérpia), usada como referência de preços na Europa. A nafta é usada como matéria-prima na produção de plásticos. Em nota distribuída na segunda-feira, a Braskem negou que tenha sido favorecida pelo contrato, alegando que a cotação ARA é uma das mais caras do mundo. A Petrobras afirmou que \"adotou as medidas administrativas cabíveis e enviou o relatório final da Comissão Interna para o Ministério Público Federal e Departamento de Polícia Federal da Superintendência Regional do Paraná, a fim de que sejam aprofundadas as investigações pelas autoridades responsáveis\". A empresa reforçou que está tomando outras providências com relação ao caso e que vem colaborando com as investigações, fornecendo documentos e esclarecimentos necessários.",
        "class_label": 0,
        "prediction": "2"
    },
    {
        "title": "Câmara cassa o mandato de Cunha; peemedebista fica inelegível até 2027",
        "text": "O plenário da Câmara dos Deputados aprovou na noite desta segunda-feira (12) a cassação do mandato de Eduardo Cunha (PMDB-RJ), colocando um ponto final em um conturbado processo iniciado em novembro de 2015. Anunciado às 23h50, o placar mostrou 450 votos pela cassação –193 a mais do que o mínimo necessário–, contra apenas 10 pela absolvição. Houve nove abstenções. O caso foi marcado por protelações desde o ano passado. Cunha era formalmente acusado na Câmara de mentir aos colegas ao negar, em março de 2015, ter \"qualquer tipo de conta\" no exterior - frase dita meses antes de vir à tona a existência de dinheiro atribuído ao peemedebista na Suíça. Em discurso, Cunha afirmou \"pagar o preço\" por ter autorizado a tramitação do processo de impeachment de Dilma Rousseff da presidência. \"O PT quer um troféu para dizer que é golpe\", ressaltou. Cunha já estava afastado do mandato. Com a decisão da Câmara, fica inelegível até janeiro de 2027. Outra consequência da cassação deve ser a mudança do foro onde ele será investigado e julgado pelas acusações de ser um dos principais integrantes do esquema de corrupção na Petrobras. Com o foro privilegiado que o mandato lhe conferia, Cunha responde a duas ações penais no Supremo Tribunal Federal, além de outras investigações relacionadas ao esquema. Agora, seu caso pode migrar para a Justiça Federal no Paraná, sob os cuidados do juiz Sergio Moro - a expectativa, porém, é que Cunha tente manter de alguma forma os processos no STF. Da tribuna, o ex-presidente da Câmara afirmou que seria cassado por motivos \"risíveis\", abrindo precedente para que \"qualquer deputado\" perca o mandato por acusações, segundo ele, frágeis. Em tom de recado, disse que, na média, 160 deputados respondem a acusações: \"Amanhã será com vocês também\". Coube à deputada Clarissa Garotinho (PR-RJ) um dos discursos mais duros contra Cunha. Adversária dele no Rio, ela chamou o peemedebista de \"mafioso da pior espécie\" e \"psicopata\". CULPA DO GOVERNO Em declaração após sua cassação, o ex-deputado Eduardo Cunha (PMDB-RJ) afirmou que o governo de Michel Temer tem uma parcela de culpa no desfecho da votação. Ele afirma que, quando parte do PMDB apoiou a candidatura de Rodrigo Maia (DEM-RJ) para a presidência da Câmara, estava indiretamente dando apoio a sua cassação. \"Quando começou a sessão, era óbvio que eu seria cassado. É uma pauta em que o presidente da casa, que foi apoiado pelo governo, se associou ao PT\", disse. Cunha afirmou também que vai tornar públicas as conversas que teve com diversos políticos durante o processo de impeachment de Dilma Rousseff. Entretanto, afirmou que não tem nenhum tipo de gravação dos diálogos. Ele reiterou que se considera vítima de um processo político em retaliação por sua atuação no impeachment de Dilma. \"Chegamos ao absurdo de que o presidente do Supremo aceitou um pedido de destaque com base em um artigo da Câmara e, depois, o presidente da Câmara não aceita o mesmo pedido de destaque\", disse, em referência a decisão de Ricardo Lewandowksi, ministro do STF, de fatiar o julgamento da ex-presidente no Senado. Cunha também afirmou que a proximidade das eleições afetou a decisão dos deputados, que estariam preocupados com a repercussão eleitoral de seus votos. \"Eu cometi muitos erros. Eu sou humano. Eu errei muitas vezes, mas não foram meus erros que levaram à cassação. Eu fui vítima de uma vingança política estimulada pelo processo eleitoral.\" DUELO A queda final de Cunha ocorre 12 dias depois do afastamento definitivo de Dilma da Presidência. Os dois protagonizaram um dos principais embates recentes da política brasileira. Um dos deputados mais poderosos, Cunha foi o responsável por dar curso e liderar na Câmara o processo de impeachment de Dilma, com quem rompeu em 2015. O peemedebista havia sido eleito para a presidência da Câmara em fevereiro daquele ano derrotando o PT e o governo. Tendo como base de apoio o PMDB e os partidos do chamado centrão (PSD, PR, PP, PTB e PRB, principalmente), Cunha aplicou sucessivas derrotas ao Planalto, mas chegou a tentar um acordo com o governo que envolveria o enterro do impeachment e de seu processo de cassação. As tratativas falharam, porém. No primeiro trimestre de 2015 haviam surgido as primeiras suspeitas consistentes de participação de Cunha no petrolão, o que levou o STF a incluí-lo na lista dos investigados. Em abril, a Folha revelou que o nome do peemedebista aparecia nos registros eletrônicos da Câmara como o real autor de dois requerimentos que, segundo a Lava Jato, foram usados para achacar uma fornecedora da Petrobras. O surgimento de delatores que o implicavam e a revelação da existência de dinheiro vinculado a ele em contas secretas na Suíça complicaram ainda mais a sua situação, levando-o a ser o primeiro congressista réu na Lava Jato. AFASTAMENTO Em 5 de maio de 2016, dias após a Câmara aprovar a autorização para a abertura do processo de impeachment de Dilma, começou a derrocada de Cunha. O STF o afastou do cargo e do mandato sob a acusação de que usava suas funções para atrapalhar as investigações. Com a cassação, reassume uma vaga na Câmara dos Deputados o suplente José Augusto Nalin (PMDB-RJ), dono de uma cadeia de shoppings populares no interior do Rio. Em 2014 ele declarou ter patrimônio de R$ 9,1 milhões, sendo R$ 1,355 milhão \"em espécie\". Ele afirma que esse último valor se referia a saldo bancário.",
        "class_label": 0,
        "prediction": "2"
    },
    {
        "title": "Dominância política",
        "text": "Alguns economistas atribuíram a não elevação da taxa Selic na mais recente reunião do Copom a um cenário de dominância fiscal, no qual os sucessivos deficit orçamentários do governo estariam forçando o Banco Central a manter a taxa de juros em um patamar abaixo da que controlaria a inflação, para impedir uma explosão da dívida pública. Apesar de a manutenção da Selic ter elevado um pouco as expectativas inflacionárias, a taxa de câmbio apreciou na última semana e já atingiu um patamar mais baixo do que o que vigorava antes da reunião, e o cenário recessivo continuará freando a expansão dos salários e a inflação de serviços. A decisão do Banco Central, portanto, se justificaria plenamente a partir da utilização de seus próprios modelos econômicos por seu corpo técnico altamente qualificado. O recurso às projeções de crescimento do FMI na nota publicada por Tombini às vésperas da reunião do Copom apenas serviu para desnudar o caráter político de uma decisão que, nesse caso, poderia ter sido técnica. O mesmo não vale, por exemplo, para sua atuação no primeiro semestre de 2015, quando, diante do reajuste brusco nos preços administrados, o BC elevou sucessivas vezes os juros e prejudicou o controle da dívida pública, sem nem sequer obter sucesso no controle da inflação. Não é difícil vislumbrar a que interesses estava atendendo naquele período. Talvez seja melhor atribuir a atual irracionalidade da política econômica –fiscal e monetária– ao que ousaria chamar de um cenário de dominância política. É claro que não há política econômica eficaz sem um pacto político que a sustente, mas uma política econômica construída apenas com base em apoios políticos também não é chave para o sucesso. Na dominância política, a fragilidade das bases de sustentação do governo é tão exacerbada que a necessidade de costurar acordos traz o atendimento às pressões dos setores com alta representação para o centro da formulação da política econômica. A avaliação do seu impacto sobre o crescimento econômico, a inflação e o bem-estar da população fica relegado ao segundo plano. Nesse quadro, não surpreende que as políticas desenhadas apresentem inconsistências, pois buscam atender a grupos de pressão diversos, que por sua vez têm peso político maior ou menor ao longo do tempo. O problema é que políticas equivocadas do ponto de vista econômico acabam por aprofundar a dominância política, na medida em que a falta de crescimento e a inflação mais alta acirram os conflitos distributivos e fragilizam ainda mais uma eventual base de sustentação. O debate econômico, por sua vez, fica enfraquecido. Por um lado, restringi-lo ao que é viável politicamente significaria abrir mão de apresentar as soluções mais eficazes. Por outro lado, ignorar as restrições políticas nos condena ao plano mais abstrato da disputa entre teorias e diagnósticos, que servem sobretudo para dar base técnica aos diferentes grupos de pressão. Nos resta comemorar as raras ocasiões em que a correlação de forças coincide com uma atuação da política econômica que se justifica do ponto de vista de seu impacto sobre a economia como um todo. Foi esse o caso da mais recente reunião do Copom. Bom Carnaval!",
        "class_label": 0,
        "prediction": "2"
    },
    {
        "title": "Já sentiu que tudo acontece quando você não está olhando? Veja tirinhas",
        "text": ". Descubra o fenômeno curioso que viralizou nas redes sociais. Internautas relatam eventos inusitados que só ocorrem quando desviam o olhar. Tirinhas hilárias ilustram situações cotidianas, mostrando que a realidade pode ser bem mais engraçada do que imaginamos. Não perca a chance de dar boas risadas com esses quadrinhos divertidos!",
        "class_label": 1,
        "prediction": "2"
    },
    {
        "title": "Estilista transforma artes do Brasil profundo em histórias para vestir",
        "text": "Certa vez fomos, Ronaldo Fraga e eu, entrevistar Paulo Mendes da Rocha. A ideia era publicar uma conversa \"freestyle\" em que abordaríamos, sem combinar antes, assuntos de naturezas diversas. Num papo de três horas que foi de Plutão a Amy Winehouse, o que chamou atenção foi que, apesar de estarmos indo ao encontro de um rei da arquitetura, foi Ronaldo o recebido como realeza. Estilista, poeta e ilustrador, seu legado para a moda brasileira -ainda e sempre em construção- vai muito além das passarelas para se transformar em livros, contos, desenhos, exposições e memórias que não se perdem com o passar do tempo. Ronaldo conversa com a cultura brasileira e aborda temas e momentos do nosso cotidiano, transformando viagens, casos, sentimentos, artes e embaraços do Brasil profundo em histórias para vestir. Refugiados, China, velhice, rio São Francisco, Noel Rosa, Portinari, Drummond São tantos e diversos os assuntos que o inspiram, que seus desfiles são sempre uma caixa de surpresas. E, enquanto sentamos em nossos lugares, já sabemos que lágrimas emocionadas virão. Mas, se por vezes suas ideias espelham momentos críticos de nossos tempos, as roupas -simples, elaboradas conjuntamente, ricas em tramas e texturas- imprimem leveza ao peso da existência. E, de um terreno árido, pode brotar poesia que, uma vez pronta, ganha nomes como Corpo Cru, Quantas Noites Não Durmo, O Vendedor de Milagres, Carne Seca ou um Turista Aprendiz na Terra Áspera, E Por Falar em Amor e Cidade Sonâmbula. Fraga pensa a moda como algo maior. Que história contar e como deixar um legado? Práticas sustentáveis, colaboração de comunidades, conhecimento do Brasil, participação ativa no Colegiado de Moda do Ministério da Cultura, parcerias com músicos e artistas e capacitação técnica sempre em evolução fazem parte de sua rotina como estilista. Guerreiro, romântico e sonhador, Ronaldo é um dos rostos da tolerância e do amor, chamas permanentemente acesas que mantêm sua vontade de seguir em frente -e a nossa de continuar assistindo.",
        "class_label": 0,
        "prediction": "2"
    },
    {
        "title": "Ex-advogado de Cabral e citado na Lava Jato é nomeado para o TRE",
        "text": "O presidente Michel Temer nomeou há um mês o advogado Raphael Mattos, citado nas investigações da Lava Jato no Rio, para ocupar o cargo de juiz do TRE (Tribunal Regional Eleitoral) do Rio. Mattos participou em 2015 de uma reunião com os doleiros Renato e Marcelo Chebar junto com o advogado Ary Bergher e Flávio Godinho, braço-direito de Eike Batista no grupo EBX. O objetivo era discutir a apreensão, feita semanas antes numa das fases da Lava Jato, do comprovante bancário da propina paga no exterior pelo empresário ao ex-governador Sérgio Cabral. No encontro, os irmãos delatores afirmam ter recebido de Godinho orientações sobre formas de explicar o depósito, feito na conta de uma empresa em nome deles. A Polícia Federal apura as circunstâncias da reunião. De acordo com os doleiros, Godinho foi o responsável por conduzir a conversa. Ele orientou que os dois estudassem as atividades da Centennial Asset Mining, holding de Eike, e uma mina de ouro que ela havia acabado de vender. A propina de US$ 16,5 milhões foi paga com base num contrato fictício assinado em 2011 indicando a empresa Arcadia, em nome dos Chebar, como responsável pela intermediação do negócio. \"Eles [Mattos e Bergher] estavam presentes, mas só escutaram. O Godinho que falou para eu estudar bem, entrar na internet e ler sobre a Centennial\", disse Renato Chebar em depoimento à Justiça. Questionado pelo juiz Marcelo Bretas, responsável pela Lava Jato no Rio, se Mattos e Bergher sabiam que o contrato era fictício, o doleiro respondeu: \"Olha... Essa pergunta é difícil. A princípio sim, todos sabiam\". Mattos foi escolhido em 2015 para integrar a lista tríplice do Tribunal de Justiça a ser enviada ao TSE (Tribunal Superior Eleitoral). Em razão de problemas judiciais de outros candidatos, a escolha foi adiada por quase dois anos até a sua nomeação, em 30 de maio. Mattos afirmou que não pode fazer comentários sobre suas atividades como advogado por sigilo profissional. Disse, contudo, não ser alvo de nenhuma investigação contra si. \"Tenho sigilo profissional. Se um advogado criminal não puder atender uma pessoa com problema criminal, é melhor acabar com a advocacia\", afirmou ele. A Presidência da República afirmou, em nota, que \"todos os trâmites legais para nomeação foram respeitados\".",
        "class_label": 0,
        "prediction": "2"
    },
    {
        "title": "Saiba os versos mais lembrados de Bob Dylan, Nobel de Literatura",
        "text": "O renomado cantor e compositor americano Bob Dylan, aos 75 anos, foi laureado com o Prêmio Nobel de Literatura, conforme anunciado pela Academia Sueca na manhã do dia 13 de outubro. A escolha de Dylan para o prêmio foi justificada pela criação de \"novas expressões poéticas dentro da grande tradição da canção americana\". A Folha destacou trechos significativos de algumas das obras mais importantes de Dylan, organizando-os por temas como costumes, separação, amor, raiva, crítica social e outros. MUDANÇA DE COSTUMES Senadores e congressistas, venham e ouçam o chamado, Não fiquem parados, não bloqueiem o salão. Pais e mães de toda a nação, Não critiquem o que não podem entender, Pois os tempos, eles estão mudando. (\"The Times They Are a-Changing\", 1964) TERMINO DE RELACIONAMENTO Não vale a pena sentar e refletir sobre as razões, garota, Se você ainda não as conhece. Você é a razão pela qual estou indo embora, Mas não pense duas vezes, está tudo bem. (\"Don't Think Twice, It's Allright\", 1963) AMOR Senhora de olhos tristes das planícies, Meus olhos e meus tambores árabes, Devo deixá-los em seus portões? Ou senhora de olhos tristes, devo esperar? (\"Sad Eyed Lady of the Lowlands\", 1966) POESIA Minha amada fala como se estivesse em silêncio, Sem ideais ou violência, Ela não precisa dizer que é fiel, Ela é verdadeira, como gelo, como fogo. (\"Love Minus Zero/No Limit\", 1965) IRA Você tem muita cara de pau Ao dizer que é meu amigo, Quando eu estava por baixo, Você ficava lá, zombando de mim. (\"Positively 4th Street\", 1965) CRÍTICA SOCIAL Mamãe está na fábrica, sem sapatos, Papai está no beco, procurando um fusível, Eu estou nas ruas com o blues da lápide. (\"Tombstone Blues\", 1965) CALAMIDADE Vi um recém-nascido cercado por lobos, Vi um galho negro com sangue pingando, Vi um quarto cheio de homens com martelos sangrando, Vi armas e espadas afiadas nas mãos de crianças. É uma forte, uma forte chuva que vai cair. (\"It's a Hard Rain a-Gonna Fall\", 1963) HISTÓRIA A Primeira Guerra Mundial, rapazes, decidiu nosso destino, A razão pela qual lutar, eu nunca entendi, Mas aprendi a aceitar, e a aceitar com orgulho, Pois não se contam os mortos quando Deus está do seu lado. (\"With God on Our Side\", 1964) RESIGNAÇÃO Sim, eu acredito que é hora de desistirmos, Oh, você finge como uma mulher, Você faz amor como uma mulher, Você sofre como uma mulher, Mas você quebra como uma garotinha. (\"Just Like a Woman\", 1966) ÓDIO Você diz que me ama, e que pensa em mim, Mas, sabe, você pode estar errada. Você diz que me perturba, que não me merece, Mas você sabe que mente às vezes. Eu vou te deixar passar, e o tempo dirá quem caiu E quem está sendo deixado para trás. (\"Most Likely You Go Your Way and I'll Go Mine\", 1966) NOTICIÁRIO William Zanzinger matou a pobre Hattie Carroll Com uma bengala que rodopiava em seu dedo com anel de diamante Em uma reunião social em um hotel de Baltimore Hattie Carroll era uma empregada da cozinha Ela tinha 55 anos e deu à luz dez filhos. (\"The Lonesome Death of Hattie Carroll\", 1964) PIADA Bem, vejo que você arrumou um chapéu oval de pele de leopardo novinho, Sim, você arrumou um chapéu oval de pele de leopardo novinho, Bem, você fica tão linda nele, Querida, posso pular em cima dele uma hora dessas? É, eu só quero ver se ele é mesmo de primeira qualidade. (\"Leopard-Skin Pill-Box Hat\", 1966) Traduções por Ivan Finotti.",
        "class_label": 2,
        "prediction": "0"
    },
    {
        "title": "Acumulada, Mega-Sena pode pagar prêmio de R$ 33 milhões neste sábado",
        "text": "A Mega-Sena acumulou e pode pagar um prêmio de R$ 33 milhões no sorteio deste sábado (08). O concurso 2522 será realizado a partir das 20h (horário de Brasília), no Espaço da Sorte, na Avenida Paulista, em São Paulo. Os apostadores podem registrar seus jogos até as 19h do mesmo dia em lotéricas ou pelo site da Caixa Econômica Federal. A probabilidade de acerto é de 1 em 50 milhões para seis dezenas, mas a empolgação é alta. Com o prêmio, o sortudo pode comprar um jato executivo, investir em imóveis ou realizar qualquer outro sonho. Boa sorte a todos os apostadores!",
        "class_label": 1,
        "prediction": "2"
    },
    {
        "title": "Blitz da polícia detém dois e apreende 1,6 toneladas de maconha em SP",
        "text": "Na tarde do último sábado (30), a Polícia Militar Rodoviária interceptou uma grande quantidade de maconha na cidade de Bálsamo, que fica a 463 km da capital paulista, na área de São José do Rio Preto. A apreensão envolveu três veículos que trafegavam pela rodovia Euclides da Cunha. O primeiro automóvel, uma Montana prata, foi parado numa operação de fiscalização no km 464, resultando na detenção do condutor. O segundo veículo, uma Hilux, tentou evadir-se da blitz, mas seu motorista foi capturado após abandonar o carro. Já o terceiro carro, uma Montana branca, foi encontrado num posto de gasolina localizado no km 454. Contudo, o condutor deste último não foi localizado. A operação resultou na apreensão de aproximadamente 1.500 blocos de maconha, que somaram um total de 1,6 toneladas.",
        "class_label": 2,
        "prediction": "0"
    },
    {
        "title": "Acumulada, Mega-Sena pode pagar prêmio de R$ 18 milhões nesta terça",
        "text": "Nesta terça-feira (05), a Mega-Sena acumulada pode pagar um prêmio de R$ 18 milhões. O sorteio, que será realizado às 20h, na cidade de São Paulo, tem atraído a atenção de apostadores de todo o país. As dezenas que definirão o próximo milionário serão divulgadas ao vivo pela Caixa Econômica Federal. A probabilidade de acertar as seis dezenas com uma aposta simples é de uma em 50.063.860. Contudo, a expectativa é que o prêmio alto atraia mais jogos, aumentando a possibilidade de múltiplos ganhadores.  Para concorrer, os interessados podem realizar suas apostas até as 19h de hoje nas lotéricas credenciadas ou pelo site da Caixa. O valor mínimo de aposta é de R$ 4,50. Além da Mega-Sena, a Lotofácil e a Quina também terão sorteios nesta terça, com prêmios estimados em R$ 4 milhões e R$ 3 milhões, respectivamente. A Caixa lembra que, para retirar o prêmio, o ganhador deverá apresentar o bilhete premiado, um documento de identificação e o CPF. O prêmio deve ser resgatado em até 90 dias após a data do sorteio; após esse prazo, os valores são repassados ao Tesouro Nacional para aplicação no FIES - Fundo de Financiamento Estudantil. Com o prêmio da Mega-Sena, o sortudo pode comprar 180 carros de luxo no valor de R$ 100 mil cada, ou aplicar o valor e ganhar cerca de R$ 60 mil por mês com os rendimentos mensais. Além disso, o prêmio também permite a realização de diversos sonhos, como viagens internacionais, investimentos em imóveis e aposentadoria antecipada. O último sorteio da Mega-Sena, realizado no sábado (02), não teve acertadores das seis dezenas, o que levou ao acúmulo do prêmio para o sorteio de hoje. As dezenas sorteadas foram: 05, 15, 22, 23, 26 e 30. A quina teve 34 ganhadores, cada um levando R$ 60.867,47, e a quadra teve 2.472 acertadores, com prêmios individuais de R$ 1.172,77. Acompanhe o sorteio e boa sorte!",
        "class_label": 1,
        "prediction": "2"
    },
    {
        "title": "Conmebol divulga data e horário de jogos do São Paulo na Libertadores",
        "text": "A Conmebol anunciou as datas e horários dos jogos do São Paulo na fase de grupos da Libertadores. O primeiro confronto será contra o River Plate no dia 12 de abril, às 21h30. A sequência traz o Corinthians em 19 de abril, às 19h15, e o Peñarol no dia 26 de abril, às 21h30. Essas partidas definirão a trajetória do Tricolor rumo ao título.",
        "class_label": 1,
        "prediction": "2"
    },
    {
        "title": "Bob Dylan tem até 10 de junho para decidir se aceita o dinheiro do Nobel",
        "text": "A Academia Sueca advertiu o vencedor do Nobel de Literatura Bob Dylan que ele tem até 10 de junho para apresentar o discurso de aceitação, caso deseje receber o dinheiro da premiação. O cantor e compositor americano não compareceu à cerimônia solene de entrega do prêmio, no dia 10 de dezembro de 2016, e enviou apenas um discurso de agradecimento. A Academia sueca, que concede o prêmio, espera um discurso de aceitação, que abriria o caminho para a entrega de oito milhões coroas (€ 839 mil), parte do prêmio. O discurso, chamado de \"conferência/palestra Nobel\", pode ser feito em qualquer formato, inclusive uma transmissão por vídeo ou uma canção.  \"Não tivemos nenhuma conversa por telefone com Bob Dylan nos últimos meses. Dylan sabe que deve fazer uma conferência Nobel até 10 de junho no mais tardar para receber o pagamento\", escreveu Sara Danius, secretária permanente da Academia Sueca, em seu blog. \"O que ele decidir fazer é um problema dele\", completou. O artista tem três shows agendados na Suécia, dois deles em Estocolmo nos dias 1 e 2 de abril e o outro em Lund (sul) no dia 9. De acordo com Danius, as apresentações de Estocolmo estavam programadas muito antes do anúncio do Prêmio Nobel. Bob Dylan permanecerá como o vencedor do Nobel de Literatura de 2016, independente de apresentar o discurso ou não. \"No que diz respeito à Academia Sueca está claro que o vencedor do Prêmio Nobel de Literatura é Bob Dylan e mais ninguém\", destacou Danius. Dylan reagiu com um grande silêncio, um tema muito debatido na Suécia. Ele só falou sobre o Nobel duas semanas após o anúncio. Depois, o artista não apresentou nenhuma explicação sobre sua ausência na cerimônia de 10 de dezembro, mas enviou um discurso de agradecimento no qual dizia estar \"honrado por receber um prêmio tão prestigioso\". Antes de Bob Dylan, outros premiados como Doris Lessing, Harold Pinter ou Elfriede Jelinek não compareceram a Estocolmo, mas realizaram a \"conferência/palestra Nobel\".",
        "class_label": 0,
        "prediction": "2"
    },
    {
        "title": "Hoje na TV: Rio de Janeiro x Osasco, pela Superliga de vôlei feminino",
        "text": "12h Masters 1.000 de Miami Tênis, SporTV 3 15h45 Irlanda do Norte x Eslovênia Amistoso, ESPN 18h30 Rio de Janeiro x Osasco Vôlei, Superliga feminina, SporTV 19h Sorocaba x Guarani Paulista, Série A-2, SporTV 2 20h30 Tampa Bay Lightning x Toronto Maple Leafs Hóquei no gelo, ESPN+ 21h50 Peñarol x River Plate Amistoso, ESPN",
        "class_label": 0,
        "prediction": "2"
    },
    {
        "title": "Tião vs. King Kong",
        "text": "No Rio de Janeiro, recentemente, acabei assistindo, meio por acaso, ao trailer do filme \"Kong: A Ilha da Caveira\" enquanto estava no computador. Embora tenha durado apenas dois minutos, foi o suficiente para me desestimular totalmente a ir ao cinema ver o filme. Mais do que isso, senti a necessidade de alertar amigos que ainda nutrem um carinho especial pelo clássico \"King Kong\" de 1933, um querido dos antigos cineclubes, para que tenham cautela. A julgar pelo trailer, assistir a esse novo \"Kong\" parece ser como envelhecer 25 anos em apenas duas horas e meia, o que, na nossa idade, pode ser arriscado. Pelas imagens do trailer, nada permanece na tela por mais de um segundo. As cenas se sobrepõem rapidamente, a câmera se move freneticamente, e nossos olhos, em agonia, acompanham esse ritmo alucinante. A montagem é frenética, o ritmo é avassalador, e o efeito é esmagador. Para quem frequenta muito o cinema, isso talvez seja comum, mas para mim, é o suficiente para causar uma série de sintomas físicos desagradáveis, como queda de pressão, aceleração cardíaca, zumbido nos ouvidos e outros desconfortos. Desde os primórdios do cinema, com pioneiros como Georges Méliès (1861-1938), os efeitos especiais sempre estiveram presentes, mas a ideia era que eles fossem imperceptíveis. Hoje, no entanto, eles são ostensivos e cerca de 90% das imagens são criadas eletronicamente, transformando os filmes em grandes desenhos animados. Eu ainda prefiro os macacos de verdade, e por isso estou ansioso pelo documentário \"Macaco Tião - O Candidato do Povo\", que está sendo preparado pelo diretor Alex Levy-Heller. O filme contará a história do famoso chimpanzé do zoológico do Rio que, nas eleições municipais de 1988, recebeu 400 mil votos fictícios para prefeito. Dizia-se que Tião (1963-1996) atirava fezes nos políticos que buscavam seu \"apoio\", mas seus tratadores garantem que isso não é verdade. Na realidade, ele jogava um bolo de terra, lama e frutas. Claro que esses políticos não eram merecedores de um gesto melhor, mas, diferentemente deles, Tião nunca se sujava com a sujeira.",
        "class_label": 2,
        "prediction": "0"
    },
    {
        "title": "'Vão ter que me aturar um pouquinho mais', avisa Cunha",
        "text": "Ao ser questionado se gostaria de enviar uma mensagem para aqueles que buscam sua remoção do cargo de presidente da Câmara, Eduardo Cunha respondeu: \"Vão ter que me suportar por um tempo maior\". Essa declaração foi feita logo depois de o PSOL e a Rede Sustentabilidade terem protocolado, no Conselho de Ética da Câmara, uma representação pedindo a cassação do mandato de Cunha, alegando que ele quebrou o decoro parlamentar. Cunha, mais uma vez, evitou comentar sobre as acusações de que ele e seus familiares possuem contas secretas na Suíça. Essas acusações estão entre os motivos pelos quais os partidos estão solicitando a perda do mandato do presidente da Câmara. \"Quando o inquérito foi instaurado, o PSOL pediu meu afastamento, quando houve o depoimento do delator, pediram meu afastamento, quando foi apresentada a denúncia, pediram meu afastamento. Então, por que não pediriam agora? Já foram feitas duas representações na corregedoria. São meus opositores políticos. Isso é comum\", disse o presidente da Câmara, que ainda reforçou: \"Estou firme\".",
        "class_label": 2,
        "prediction": "0"
    },
    {
        "title": "Três quartos dos ouros do Brasil no Pan não têm nível de pódio olímpico",
        "text": "Cerca de 75% das medalhas de ouro obtidas pelo Brasil no Pan de Toronto não seriam suficientes para garantir uma posição no pódio olímpico. Alguns dos índices alcançados pelos vencedores não seriam sequer capazes de classificá-los para as finais olímpicas, se tomarmos como referência os resultados dos Jogos de Londres-2012. Considerando apenas as provas que envolvem marcação de tempo ou pontuação, apenas dois ouros – o de Felipe França na natação e o de Isaquias Queiroz na canoagem – teriam o potencial de se transformar em medalhas na última Olimpíada.  O Comitê Olímpico do Brasil (COB) estabeleceu como meta alcançar entre 27 e 30 medalhas e ocupar uma das dez primeiras posições no quadro de medalhas dos Jogos do Rio em 2016. Das 32 medalhas de ouro conquistadas pelo Brasil no Canadá até a noite de quarta-feira (22), apenas em até oito casos os resultados podem ser vistos como um bom indicativo para o próximo ano. Nos demais casos, ou a pontuação não seria suficiente para garantir um lugar no pódio olímpico ou os adversários continentais não pertencem à elite mundial. A natação serve como exemplo: dos dez títulos no Pan, apenas a vitória de Felipe França nos 100 metros peito seria suficiente para uma medalha olímpica; seus 59s21 renderiam uma medalha de bronze em Londres. Já as vitórias de Thiago Simon e Brandonn Almeida não seriam suficientes para garantir uma vaga nas finais olímpicas de 2012. Na canoagem, Isaquias Queiroz conquistou dois ouros, mas apenas um dos tempos o colocaria no pódio olímpico. Ele completou os 200 metros em 39s991, um tempo que também lhe daria o ouro em Londres-2012. No atletismo, a vitória de Juliana dos Santos nos 5.000 metros na terça-feira (21) é outro exemplo de como a medalha de ouro no Pan pode não ser um parâmetro para a Olimpíada. Com o tempo que a levou ao primeiro lugar em Toronto, ela teria sido apenas a 33a colocada nos Jogos de Londres. No judô, cinco medalhas de ouro foram conquistadas pelo Brasil no Pan, sendo a vitória mais significativa a de Tiago Camilo, que venceu o vice-campeão olímpico Asley González, de Cuba. Contudo, em outros casos, os brasileiros não enfrentaram líderes do ranking mundial. Joice Souza, medalhista de ouro na luta olímpica, também é um exemplo. Sua conquista no Pan não inclui as lutadoras europeias e asiáticas, que são as melhores no esporte. No último Mundial, Joice terminou em 15o lugar. O mesmo se aplica à equipe masculina de tênis de mesa, que conquistou sua sexta medalha de ouro no Pan, mas ainda não conseguiu nenhuma nos Jogos Olímpicos, já que os melhores times são asiáticos e europeus. Por outro lado, o desempenho do atirador Felipe Wu atingiu um nível olímpico. A pontuação que ele obteve na final da pistola de ar 10 metros o deixaria no topo do pódio em 9 das 12 competições internacionais deste ciclo olímpico – embora não seja possível comparar diretamente com os resultados de Londres-2012 devido a mudanças no cálculo de pontos. Confira as medalhas do Brasil no Pan-2015: Crédito: Editoria de Arte/Folhapress",
        "class_label": 2,
        "prediction": "0"
    },
    {
        "title": "Senado aprova projeto para ampliação da licença-paternidade para 20 dias",
        "text": "Na primeira votação do ano, o Senado aprovou um projeto de lei que cria o Marco Legal da Primeira Infância, que estabelece políticas públicas para crianças de 0 a 6 anos. A votação foi realizada de forma simbólica, quando os senadores não registram seus votos, e o texto segue para sanção presidencial. Ela permite também a prorrogação da licença-paternidade de cinco para 20 dias, desde que o pai seja funcionário de um local vinculado ao programa Empresa Cidadã. Criado em 2008 para estimular a licença-maternidade de seis meses nas companhias brasileiras, o programa, da Receita Federal, ainda não obteve grande adesão das empresas do país. O gasto extra com a licença poderia ser abatido do Imposto de Renda de Pessoa Jurídica. No caso das companhias com regime tributário de lucro real e da administração pública (cerca de 65% dos trabalhadores do país), o custo poderá ser absorvido pela União. O aumento de gasto pode trazer dificuldade adicional para a sanção do Executivo, que busca neste momento reduzir despesas. Trabalho da FEA-USP (faculdade de economia da USP) e da ONG Maria Cecília Souto Vidigal indica que a extensão da licença deve custar o equivalente a 0,009% da arrecadação federal (dados de 2014), considerando o cenário mais provável de adesão. A licença-paternidade foi instituída, pela primeira vez no país, pela Constituição de 1988. A proposta estabelece que, além da proteção à criança, como já é determinado pelo Estatuto da Criança e do Adolescente, haja a promoção do desenvolvimento integral de meninos e meninas. O texto também determina que a criança seja considerada na elaboração das políticas para a primeira infância. Autor do projeto, o deputado Osmar Terra (PMDB-RS) afirma que o aumento da licença do pai visa dar mais tranquilidade à mãe. Além disso, pesquisas mostram que maior envolvimento paterno nos primeiros dias de vida ajuda no desenvolvimento cognitivo e emocional da criança, aumenta o período de amamentação (devido ao maior apoio à mãe) e eleva o vínculo do pai com a criança. Consultado pela Folha no fim do ano passado sobre o tema, a Confederação Nacional da Indústria afirmou ser necessário \"avaliar o impacto da perda da produtividade nas empresas devido ao afastamento de profissionais qualificados, uma das grandes dificuldades atuais do país\". Diretor-presidente da ONG Maria Cecília Souto Vidigal (que atua na área da primeira infância), Eduardo Queiroz defende a proposta, por entender que ela traz retorno para a sociedade. Com 20 dias de licença-paternidade, o Brasil se equipararia à Portugal. Os países com as maiores licenças para os pais são Islândia, Eslovênia (90 cada) e Finlândia (76), segundo levantamento da Organização Mundial do Trabalho. De acordo com o projeto, as áreas de educação infantil, alimentação, nutrição, convivência familiar e comunitária, assistência social, cultura, lazer e proteção serão prioridades nas políticas públicas. Os pais e as mães serão responsáveis, juntamente com o estados, municípios, União e toda a sociedade, pela proteção, educação, promoção e pelo desenvolvimento das crianças. \"Este projeto vem na direção de fortalecer as políticas públicas voltadas para a primeira infância, para uma fase considerada essencial para a formação e o desenvolvimento do ser humano. Quanto mais o país olhar para suas crianças, mais nós estaremos dando passos firmes rumos à sociedade que desejamos\", afirmou a senadora Fátima Bezerra (PT-RN), relatora do projeto no Senado. Em relação à licença-paternidade, a senadora destacou que a ampliação do prazo para o benefício \"quebra paradigmas\". \"Ele quebra paradigma, na medida em que, o costume é da mãe cuidar mais da criança. Mas o pai deve ter a mesma responsabilidade e cuidado com a criança. Essa proposta vem no sentido de mudar esses conceitos e práticas existentes\", disse.",
        "class_label": 0,
        "prediction": "2"
    },
    {
        "title": "Editorial: América pragmática",
        "text": "A histórica reunião entre o presidente dos Estados Unidos, Barack Obama, e o ditador cubano, Raúl Castro, deu tom pragmático à Cúpula das Américas, encerrada no fim de semana, no Panamá. O presidente da Venezuela, Nicolás Maduro, bem que tentou inocular no encontro a desgastada retórica anti-imperialista, mas Obama e Raúl prosseguiram com os gestos de reaproximação entre seus dois países, iniciada há dois anos por meio de negociações secretas. Encerrou-se, assim, um hiato de 54 anos sem encontros bilaterais. A normalização das relações, no entanto, continua incerta. A reabertura das embaixadas –principal medida anunciada em dezembro pelos dois mandatários– não avança porque Cuba rejeita a exigência norte-americana de que seus diplomatas tenham plena liberdade para circular na ilha. Além disso, os EUA ainda não cumpriram a promessa de retirar Cuba da lista das nações que patrocinam o terrorismo, o que mantém o país praticamente isolado do sistema financeiro internacional. Embora a Casa Branca tenha tomado iniciativa com esse fim, a medida depende de aprovação do Congresso, dominado pela oposição. Também se sujeita ao Legislativo a anulação do emaranhado de leis que formam o embargo econômico à ilha. Mantendo relação tumultuada com a maioria republicana, Obama dificilmente conseguirá derrubar o anacrônico mecanismo até o fim de seu mandato. É improvável, de todo modo, que o próximo ocupante da Casa Branca se disponha a reverter as iniciativas de reaproximação. As críticas ao embargo, que fracassou no objetivo de derrubar a ditadura cubana, são unânimes na região. Não deixa de ser curioso que atores identificados com a esquerda, mais que a própria direita americana, rendam-se ao pragmatismo econômico. Com a crise da Venezuela, que substituiu o papel de provedor outrora exercido pela União Soviética, o governo dos Castro precisou ceder. Guardadas as diferenças, o mesmo vale para quase todos os demais países latino-americanos, aparentemente dispostos a modernizar sua relação com a maior economia do mundo. A Venezuela, com sua retórica mofada, fica a cada dia mais isolada. A 7ª Cúpula das Américas marcou um avanço em relação aos encontros anteriores, depreciados por disputas ideológicas. Minimizado esse entrave, o desafio será aprimorar a cooperação entre os países para pressionar os regimes de Cuba e da Venezuela a atuar dentro dos marcos da democracia.",
        "class_label": 0,
        "prediction": "2"
    },
    {
        "title": "'Congresso tem compromisso com a retomada do crescimento ', diz Dilma",
        "text": "No momento em que o governo federal atua para arquivar pedido de impeachment na Câmara, a presidente Dilma Rousseff fez um elogio público ao Congresso Nacional, nesta segunda-feira (11). Em cerimônia de sanção de projeto de lei que cria novo marco legal para a área de pesquisa e estudo, a petista ressaltou que o Legislativo tem \"compromisso com a retomada do crescimento econômico\" e observou a importância de esforços suprapartidários no Congresso Nacional. \"Ao aprovar por unanimidade essa legislação, o Congresso Nacional mostrou mais uma vez o seu compromisso com as reformas necessárias para a retomada do crescimento econômico na situação em que vivemos\", afirmou. \"Eu agradeço a todos os congressistas por mais esse esforço suprapartidário de criar as bases para que a inovação se torne o motor de nosso desenvolvimento\", acrescentou. O Planalto avalia que o processo de impeachment perdeu força, mas tem atuado para que ele seja arquivado ainda na Câmara, o que representaria uma vitória para o governo. Nesse esforço, o núcleo político do Planalto negocia a liberação de emendas parlamentares e a indicação de cargos de segundo e terceiro escalões. Para conquistar o apoio do PMDB, partido com a maior bancada na Câmara, a presidente também tenta um armistício com o vice-presidente Michel Temer. O esforço envolve a tentativa de dar maior protagonismo ao peemedebista tanto na área política como na econômica, já que ele tem se queixado de seu isolamento em questões administrativas. Na cerimônia, a presidente reconheceu que o país tem dificuldades em transformar capacidade de conhecimento em inovação científica e defendeu a necessidade de se aumentar a competitividade para gerar um novo ciclo de desenvolvimento econômico. \"De nada adianta desenvolver uma tecnologia revolucionária se ela permanecer na estante de um laboratório ou de um centro de pesquisa\", afirmou. O projeto de lei sancionado aumenta a segurança e flexibilização para a pesquisa científica, facilita a importação de insumos para estudos e projetos e amplia o tempo máximo para que professores de universidades federais atuem em iniciativas de desenvolvimento e inovação. A medida também altera o Estatuto do Estrangeiro, permitindo a contratação de cientistas, técnicos e tecnólogos por empresas privadas e permite a participação do poder público no capital social de companhias particulares para o desenvolvimento de produtos e processos de inovação. Na cerimônia, promovida no Palácio do Planalto, a presidente também lançou edital que disponibilizará R$ 200 milhões para projetos de pesquisa científica e tecnológica.",
        "class_label": 0,
        "prediction": "2"
    },
    {
        "title": "'Você vai ferrar todo o Chile', diz Vidal à polícia em áudio de rádio chilena",
        "text": "A estação de rádio chilena \"Bío Bío\" revelou, nesta quarta-feira (17), o conteúdo do suposto diálogo entre o jogador de futebol Arturo Vidal e o oficial que o deteve, após um acidente de carro na noite anterior. \"Você vai me prender? Me prenda e você vai arruinar todo o Chile\", teria dito o meio-campista da Juventus, que foi posteriormente solto para se juntar ao técnico Jorge Sampaoli e reintegrar-se à equipe nacional, que disputa a Copa América. A troca de palavras entre Vidal e o policial teria sido gravada por um espectador. O oficial tentou acalmar a situação, explicando ao jogador, um ícone nacional, que não era necessário complicar as coisas. De acordo com outro relato, desta vez da rádio \"Cooperativa\", Vidal aparentava estar alcoolizado e expressou irritação com o motorista de um veículo à frente, que estava, em sua opinião, dirigindo muito devagar. \"Como posso guiar essa coisa? Como ele pode ser tão estúpido, não pensa?\", disse ele ao motorista do outro carro, que foi atingido pelo jogador. Quando interpelado pelo policial, Vidal questionou a necessidade de ser parado, já que não havia feridos no acidente, ainda que ele parecesse estar bêbado. Na noite de terça-feira (16), Vidal voltava para o local onde a seleção estava hospedada, dirigindo sua Ferrari a uma velocidade de 160 km/h, quando colidiu com outro veículo. Sua esposa, María Teresa Matus, estava com ele no carro; ambos retornavam de uma visita a um cassino. Vidal sofreu apenas pequenos ferimentos, mas ao ser submetido ao teste de alcoolemia, apresentou um resultado de 1,2 gramas de álcool por litro de sangue, 0,4 gramas acima do limite legal no Chile. O meio-campista passou a noite na cadeia em Santiago e foi levado diretamente ao tribunal na manhã seguinte, onde enfrentou um julgamento que durou aproximadamente três horas. O juiz responsável pelo caso decidiu suspender a carteira de motorista de Vidal e ordenou que ele se apresentasse mensalmente no consulado do Chile em Milão, o mais próximo de Turim, onde vive, durante os 120 dias em que a investigação estará em curso.",
        "class_label": 2,
        "prediction": "0"
    },
    {
        "title": "Após encontro, Putin e ministro saudita prometem cooperação na Síria",
        "text": "O presidente da Rússia, Vladimir Putin, se encontrou neste domingo (11) com o ministro da Defesa da Arábia Saudita no balneário russo de Sochi, no mar Negro. A reunião é a maior aproximação entre Moscou, que apoia o ditador Bashar al-Assad na Síria, e um inimigo do regime sírio na região desde o início dos ataques aéreos russos no país, há duas semanas. Putin recebeu Mohamed bin Salman Al Saud pouco após o GP da Rússia de Fórmula 1 —o presidente russo assistiu à corrida e entregou o troféu ao vencedor, Lewis Hamilton. O ministro da Defesa saudita também é vice-primeiro-ministro e filho do rei Salman, ditador do país. Após o encontro, o ministro das Relações Exteriores russo, Seguei Lavrov, afirmou que os dois países estão dispostos a cooperar para evitar a formação de um \"califado terrorista\" na Síria —uma relação à atuação da facção radical Estado Islâmico. Lavrov mencionou que a Arábia Saudita tem \"preocupações\" relacionadas aos objetivos da ação na Síria, mas reiterou que os ataques aéreos têm como alvo apenas extremistas, como o Estado Islâmico e a Jabhat al-Nusra, milícia vinculada à Al Qaeda. Ele disse também que Moscou e Riad têm como objetivo comum a conquista da paz na Síria e o início de um \"processo político que faça com que todos os sírios, independentemente de sua filiação étnica e religiosa, se sintam donos de seu país\". \"O presidente da Rússia e o príncipe da Arábia Saudita falaram hoje dos passos que podem agilizar o começo deste processo político\", disse o ministro russo. Potências ocidentais veem com desconfiança as ações militares russas na Síria, afirmando que elas não almejam apenas terroristas, como também setores moderados da oposição a Assad. Segundo o ministério da Defesa da Rússia, entre sábado (10) e domingo (11), o país realizou 63 ataques aéreos na Síria, destruindo 53 bases do EI nas províncias de Hama, Lattakia, Idlib e Raqqa. PERMANÊNCIA DE ASSAD Lavrov admitiu que a parte saudita, diferentemente de Moscou, insiste que Assad abandone o poder. \"O importante é que isso não é um obstáculo para que avancemos, junto com outros países, rumo à criação das condições para o início do processo político\", acrescentou o ministro russo. \"Nós expressamos nossas preocupações de que essas operações sejam vistas como uma aliança entre o Irã e a Rússia\", afirmou o chanceler saudita, Adel al-Jubeir, também presente ao encontro. O Irã, xiita, é o principal rival da Arábia Saudita, sunita, na região. \"Mas, na conversa, nossos amigos russos nos explicaram que seu principal objetivo é a luta contra o Estado Islâmico e o terrorismo\", completou Jubeir.",
        "class_label": 0,
        "prediction": "2"
    },
    {
        "title": "\n\t\tRio 2016 Committee to Distribute 115,000 Bottles of Mosquito Repellant to Athletes and Volunteers\n\t\t",
        "text": "Devido ao receio dos atletas em relação ao vírus Zika, o Comitê Rio 2016 optou por distribuir 115.000 frascos de repelente de insetos durante os Jogos Olímpicos, que têm início marcado para 5 de agosto. O produto será patrocinado pela marca OFF!, que se tornou o patrocinador oficial de repelentes do evento. Além disso, a empresa planeja oferecer amostras de repelente aos fãs em algumas competições nas áreas com maior concentração do mosquito. A marca afirma que seus repelentes são fabricados em Manaus e foram considerados eficazes contra o mosquito Aedes aegypti, vetor de doenças como o Zika, Dengue e Chikungunya, por organizações internacionais. O presidente da SC Johnson Brasil, Stephane Reverdy, negou que a decisão de se tornar patrocinador oficial tenha sido influenciada por preocupações dos atletas, delegações e fãs com o vírus durante o evento esportivo. O mais recente atleta a desistir dos Jogos Olímpicos do Rio é o golfista japonês Hideki Matsuyama, que ocupa a 17a posição no ranking mundial do esporte. Outros oito golfistas também já haviam se retirado por causa do vírus Zika. O golfe retorna aos Jogos Olímpicos após mais de um século de ausência. Traduzido por SUGHEY RAMIREZ Leia o artigo no idioma original +Últimas notícias em inglês Como o Rio transformou o sonho olímpico em pesadelo em 26 imagens Empresa de Construção Delta é acusada de desviar R$ 370 milhões Samarco não cumpre medidas para mitigar tragédia em MG, diz Ibama",
        "class_label": 2,
        "prediction": "0"
    },
    {
        "title": "Ataque com faca em universidade dos EUA deixa um morto e três feridos",
        "text": "Um ataque a faca ocorrido na Universidade do Texas em Austin resultou na morte de uma pessoa e em ferimentos para outras três, no início desta semana. A polícia local deteve um suspeito, identificado pelo chefe de polícia do campus, David Carter, como Kendrex White, que parece ser aluno da universidade. Carter relatou que White caminhava tranquilamente pelo local antes de cometer os ataques. O suspeito está sendo questionado, mas até o momento, a relação entre as vítimas e a motivação do crime são desconhecidas. A investigação ainda está em andamento, com cerca de 25 testemunhas a serem ouvidas. Devido ao incidente, a universidade decidiu cancelar as aulas e eventos programados para o dia. A Universidade do Texas abriga mais de 51 mil alunos.",
        "class_label": 2,
        "prediction": "1"
    },
    {
        "title": "Apple e Samsung se unem para lançar novo tipo de chip de celular",
        "text": "A Apple e a Samsung estão em negociações avançadas para unir-se às demais empresas do ramo de telecomunicações para lançar chips SIM eletrônicos, em um movimento que poderia mudar fundamentalmente a maneira como consumidores assinam serviços de telefonia. A GSMA, consórcio que representa um grande número de operadoras internacionalmente, está próxima de anunciar um acordo para produzir um chip SIM para aparelhos de consumidores que incluiria as fabricantes de smartphones. O cartão SIM convencional atrela o usuário a uma operadora, mas um SIM incorporado permitiria que um smartphone, um tablet ou um vestível pudesse se conectar à rede sem que seu dono precise de um contrato com uma só empresa. As teles que apoiam os planos incluem AT&T, Deutsche Telekom, Etisalat, Hutchison Whampoa, Orange, Telefónica e Vodafone. Anne Bouverot, executiva-chefe da GSMA, disse que todos os participantes estavam chegando próximo a um acordo pela \"arquitetura comum\". Apesar disso, como as negociações podem ser alteradas, levaria ao menos um ano para o SIM virtual chegar ao mercado. A GSMA disse: \"Com a maior parte das operadoras a bordo, o plano é finalizar a arquitetura técnica que será usada no desenvolvimento de uma solução de SIM remoto para dispositivos de consumidores, com entrega antecipada para 2016.\" 'APPLE SIM' No ano passado, a Apple apresentou seu próprio SIM para os últimos iPads. Apesar disso, foi apoiada apenas por um punhado de operadoras como T-Mobile e AT&T nos EUA e só a EE no Reino Unido. O chip eletrônico não deve substituir o SIM da Apple, que é um pedaço de plástico que é inserido no dispositivo e que poderia ser incluído na próxima geração de iPhones. A GSMA afirmou que \"continua a trabalhar com a Apple para apoiar a iniciativa da empresa. Apesar de estarmos otimistas, um acordo formal ainda está em desenvolvimento.\" A Apple recusou-se a comentar. A GSMA já chegou a lançar um padrão de SIM embarcado para gerenciar conexões no mercado de máquina a máquina, no qual os SIMs não são facilmente trocados. Exemplos de aparelhos do segmento são medidores, semáforos inteligentes ou sistemas de auxílio a pessoas idosas ou com deficiência. \"Temos acordo com todos em um ponto, com a Apple e a Samsung parte dessa especificação\", disse Bouverot. \"Viemos trabalhando com eles e a fim de criar uma solução industrial para máquinas, e acordaremos sobre uma para eletrônicos para o consumidor.\" MUNDO CONECTADO Bouverot, que deixará seu cargo de chefia neste ano, disse que um SIM para todo o segmento era um de seus objetivos na gestão. Ela adicionou que 3,7 bilhões de pessoas têm um celular –cerca de metade da população do mundo–, mas que conectar os demais ainda é um enorme desafio para o setor. Bouverot disse que um serviço que permite que o telefone sirva de um único ponto de identidade para múltiplos serviços de internet, e adicionou que mais trabalho seria necessário para desenvolver as redes móveis de quinta geração, as chamadas 5G.",
        "class_label": 0,
        "prediction": "2"
    },
    {
        "title": "Veja dicas para decorar usando a cor 'rosa millennial', em alta neste ano",
        "text": "MICHELE OLIVEIRA COLABORAÇÃO PARA A sãopaulo Saiba mais sobre a cor que está em alta na decoração e veja, na galeria acima, como usá-la na sua casa.  1. Tinta acrílica cor Chapéu da Lady. R$ 84,54 (3,6 litros), da Eucatex (eucatex.com.br). 2. Revestimento Colmeia (30 x 4,5 cm), de cimentício. R$ 61,34, da Decortiles (ibizaacabamentos.com.br). 3. Relógio de parede de madeira e feltro. R$ 490, na Cremme (cremme.com.br). 4. Chapa para revestimento Ethnic (3,08 x 1,25 m). R$ 399, da Formica (formica.com.br). 5. Cadeira São Paulo (madeira), por Carlos Motta. R$ 1.979,04, da Butzke (ibacana.com.br). 6. Lugar americano de crochê. R$ 39,90, na Camicado (camicado.com.br). 7. Porcelanato Vodevil Benaco Coral (20 x 20 cm). R$ 11,40, da Colormix (euroville.com.br). 8. Almofada Colmeia, de tricô. R$ 310, na Codex Home (codexhome.com.br). 9. Chaleira Le Creuset, de aço esmaltado. R$ 335,30, na Doural (doural.com.br). 10. Mesa de centro Chipre, madeira, por Estúdio Bola. R$ 1.167, na Estar Móveis (estarmoveis.com.br). 11. Poltrona revestida de linho. R$ 999,90, na Westwing (westwing.com.br). 12. Jarra de cerâmica. R$ 215, na Collector 55 (collector55.com.br).  MARIA LUISA PRIETO, gerente de produto da Eucatex O que é o rosa \"millennial\" e por que essa cor está em alta? Em 2016, a Pantone [empresa americana cuja tabela de cores é adotada internacionalmente] lançou o rose quartz, e o tom avançou na moda e na decoração. Incorporado pelas gerações mais jovens, o rosa \"millennial\" deixou de ser uma cor \"de menina\" e virou a cor da juventude. Esse rosa tem um ar fresco e, ao mesmo tempo, nostálgico, remetendo à infância. Como usar essa cor na decoração? Combinando com tons de madeira claros a médios. O rosa saiu do detalhe do objeto de decoração e se incorporou bem a outros elementos da casa, como revestimento. O rosa \"millennial\" pode ser utilizado em diversos ambientes.",
        "class_label": 0,
        "prediction": "2"
    },
    {
        "title": "De 'cura gay' a demarcação de terras, Rock in Rio vira caldeirão de protestos",
        "text": "De \"cura gay\" a demarcação de terras, os temas do noticiário nacional estiveram em pauta na sétima edição carioca do Rock in Rio, que se encerra neste domingo (24), ocupando parte do Parque Olímpico. A maioria das manifestações se desenrolou em apresentações de artistas brasileiros, alocados no palco secundário do festival ou nos shows iniciais do principal. O tom político regeu desde a abertura do evento, na sexta (15), com Gisele Bündchen. Ao lançar a plataforma Believe.Earth, que promove ações como o projeto socioambiental do Rock in Rio, Amazonia Live, a top model discursou sobre criar um mundo melhor. O público retribuiu com coro de \"fora, Temer\" antes que ela pudesse terminar de falar. O slogan do Amazonia Live, \"eu acredito em um mundo melhor\", servia como um convite a protestos em meio à polêmica do decreto que permite exploração em uma reserva mineral da região.  Entre os artistas que abordaram o tema, Frejat citou \"a cambada do congresso querendo destruir\" a região, e Evandro Mesquita afirmou que a Amazônia \"está seriamente ameaçada por políticos corruptos, mineradores e pecuaristas\". O pedido pela demarcação de terras ganhou sua maior visibilidade no show da americana Alicia Keys, quando a líder indígena Sônia Guajajara subiu ao palco. \"Não existe plano B, essa é a mãe de todas as lutas, é a luta pela mãe Terra\", disse Guajajara. As cantoras Ana Cañas e Karol Conka militaram pela diversidade, direitos de minorias e contra a \"cura gay\", mas foram Liniker e Johnny Hooker que sintetizaram as causas com um \"beijaço\" em prol do amor livre. \"Amar Sem Temer\", mostrava o telão, aludindo ao presidente. O conflito na Rocinha, iniciado entre um fim de semana e outro do festival, dificultando o acesso ao Parque Olímpico, também ressoou. Nascido e crescido na comunidade, o vocalista da banda Sinara, Luthuli Ayodele, se disse \"muito triste\" com a situação. Durante sua apresentação com Alceu Valença e Geraldo Azevedo, Elba Ramalho sintetizou a ebulição política. \"Que a gente possa construir um mundo novo, onde nossas florestas sejam preservadas, onde as pessoas não sejam discriminadas. Viva o Brasil e fora, Temer e todos os políticos corruptos que vilipendiam nosso país\", disse a paraibana. Neste domingo (24), o show do Capital Inicial também foi marcado por protestos. Enquanto o público xingava Temer, Dinho Ouro Preto dedicou uma música a ele: \"O Brasil é maior e melhor do que os seus representantes, essa aqui é para o Michel Temer\". Sem se cansar da ebulição de protestos nesta edição do festival, a maioria dos presentes usou plenamente os pulmões para cantar \"Que Pais é Esse\". \"A gente não merece, fala aí\", disse Dinho depois. Desde sua idealização, em 1985, o Rock in Rio é palco de manifestações como essas. Naquele ano, Cazuza cantou \"Pro Dia Nascer Feliz\", abraçado a uma bandeira do Brasil, comemorando a eleição de Tancredo Neves. O ato seria relembrado na edição de 2013, em tributos ao cantor e a Raul Seixas. Mais recentemente, na edição de 2015, a então presidente Dilma Rousseff foi hostilizada durante shows do Metallica e do CPM 22.",
        "class_label": 0,
        "prediction": "2"
    }
]