[
    {
        "title": "Rei do fast food tem carne feita na grelha e refil de refrigerante grátis",
        "text": "ANNA VIRGINIA BALLOUSSIER DE SÃO PAULO Há hambúrguer, alface, queijo, molho especial, cebola, picles e pão com gergelim, mas não se engane, não estamos falando de um sanduíche comum. Desde que o palhaço Ronald McDonald's decepcionou em 2014, a liderança no segmento de \"fast food\" foi assumida por uma cadeia de lanchonetes que surgiu nos EUA em 1954 e só desembarcou no Brasil cinco décadas depois. O que torna o Burger King tão especial? Um bom ponto de partida é o refil gratuito de refrigerante. Além disso, a rede aposta em opções de \"fast food gourmet\", uma combinação tão inusitada quanto um restaurante D.O.M. e um boteco com ovo roxo - as carnes do Burger King são preparadas na grelha. Em linhas gerais, o segredo do sucesso é algo conhecido no setor: porções generosas entregues em um piscar de olhos (o pedido é servido em questão de minutos). Só um copo de meio litro de milk-shake de Ovomaltine (mais espesso que o tradicional do Bob's) contém 911 calorias, um fato que pode ser constatado se alguém se arriscar a ler o quadro nutricional em letras pequenas na parede. Diante de tentações como a casquinha sabor chocolate Sensação (com recheio de morango no final) e o lanche temático de Halloween, com pão preto com sabor de churrasco, carne, bacon e queijo, talvez seja melhor não se preocupar com as calorias. Um detalhe curioso: as redes sociais foram a loucura com relatos de consumidores sobre um efeito colateral inesperado desse banquete: fezes verdes, uma brincadeira típica do Dia das Bruxas. Até o sanduíche vegetariano é um desafio para os que seguem uma dieta restritiva: em vez de carne, uma massa de batata recheada com queijo, estilo polpetone. Se a quantidade de maionese não for suficiente, é possível adquirir um sachê extra por apenas R$ 0,25. Para quem busca uma opção menos calórica, o preço pode ser salgado. Há quem opte por um suco light em lata (vendido por R$ 6 em um restaurante já considerado caro), que custa R$ 9,90. No fim das contas, ir ao \"Rei do Hambúrguer\" (o nome da rede em português) é como se expor à chuva. Se não for para se molhar, talvez seja melhor pedir algumas dicas de culinária saudável à chef Bela Gil, como o já famoso churrasco de melancia. Localizado na R. Tabapuã, 1.265, no Itaim Bibi, região oeste, sem telefone. Capacidade para 50 pessoas. Aberto de segunda a domingo, das 10h às 22h.",
        "class_label": 2,
        "prediction": "sim"
    },
    {
        "title": "Líderes europeus e Grécia divergem sobre envolvimento do FMI em socorro",
        "text": "Após cerca de 13 horas de negociações em Bruxelas, líderes da zona do euro ainda buscam um acordo para liberar um novo socorro financeiro à Grécia e viabilizar a sua permanência na moeda única. Por volta da 1h30 desta segunda-feira (horário de Brasília), eles ainda continuavam reunidos. Segundo informações da agência Reuters, dois pontos ainda geravam impasse entre os gregos e os líderes da zona do euro. O primeiro-ministro grego, Alexis Tsipras, exigiria uma cláusula no documento final assegurando o não envolvimento do FMI (Fundo Monetário Internacional) no novo plano de socorro. O segundo ponto de divergência é em relação à transferência de cerca de 50 bilhões de euros, que seriam obtidos por meio de privatizações, para um fundo que serviria como garantia da dívida. Durante as negociações deste domingo, a Alemanha aumentou a pressão sobre a Grécia e propôs a saída do país da zona do euro por cinco anos em troca da reestruturação de sua dívida. A França, porém, continuou com seus esforços para manter o país na moeda única. Já na madrugada desta segunda-feira (13), horário de Bruxelas, a reunião com os 19 líderes da zona do euro foi interrompida e deu lugar a uma reunião fechada entre a chanceler alemã Angela Merkel, o presidente francês François Hollande, e o presidente do Conselho Europeu, Donald Tusk, além de Tsipras. Após quatro horas a portas fechadas, a reunião com os demais líderes europeus foi retomada para consultas finais. Até a 1h30 desta segunda (horário de Brasília), nenhum acordo (ou a falta dele) haviam sido anunciados.",
        "class_label": 0,
        "prediction": "não"
    },
    {
        "title": "\n\t\tConheça instituições que ensinam técnicas de negociação\n\t\t",
        "text": "De São Paulo Descubra instituições que disponibilizam cursos sobre técnicas de negociação.  Universidade de Michigan A Universidade de Michigan disponibiliza o curso Negociações de Sucesso: Estratégias e Habilidades Fundamentais, oferecido em português. Gratuito; site: goo.gl/o7uh1I  Insper O Insper oferece o curso Estratégia de Negociação e Administração de Conflitos. As sessões acontecem de 25 a 28/10, na Vila Olímpia (zona sul de São Paulo) e têm um custo de R$ 4.750; site: goo.gl/UABJB6  Fundação Getúlio Vargas A FGV disponibiliza aulas on-line sobre o tema. A próxima turma tem início a partir de 3/10 e tem duração de nove semanas. O preço é de R$ 920; site: goo.gl/kAbw4D  Senac O Senac tem inscrições abertas para o curso a distância Estratégias de Negociação. Os alunos têm até 30 dias após a matrícula para concluir o curso. O valor é de R$ 75; site: goo.gl/hnBNDd",
        "class_label": 2,
        "prediction": "sim"
    },
    {
        "title": "Alalaô: Vila Madalena, na zona oeste de SP, tenta barrar blocos de rua",
        "text": "JAIRO MARQUES DE SÃO PAULO Uma parcela dos habitantes e comerciantes da Vila Madalena (região oeste de São Paulo) julga que a comunicação com a administração municipal e com os blocos do Carnaval de rua se encerrou e, por isso, está adotando uma postura de oposição na busca ... Leia o artigo completo no blog",
        "class_label": 2,
        "prediction": "sim"
    },
    {
        "title": "Anitta cancela show na Virada Cultural e será substituída por Belo",
        "text": "Um dos principais destaques da Virada Cultural 2015, que terá lugar em São Paulo nos dias 20 e 21, a cantora Anitta não mais se apresentará no evento. A informação foi divulgada pela equipe de imprensa do evento na segunda-feira, dia 15, que alegou problemas de agenda para a mudança. O show que a funkeira faria no palco Barão de Itapetininga às 21h do sábado foi substituído por um show do cantor Belo. Belo, originalmente programado para o palco Tiradentes no mesmo horário, será substituído pelo grupo Jeito Moleque. A Virada Cultural deste ano tem o funk como um de seus principais atrativos, contando com outros artistas do gênero como Naldo e Ludmilla. Ludmilla, que tem o sucesso \"Hoje\" como um de seus hits, fará dois shows: um em Heliópolis às 18h do sábado e outro no Palco Arouche às 9h30 do domingo. Já Naldo Benny se apresentará no sábado, 20, às 20h, para o público da Vila Prudente. Outros nomes do funk, como Batalha do Passinho e MC Garden, também estarão no evento. A programação da Virada Cultural sofreu alterações e algumas das atrações confirmadas incluem: PALCO JÚLIO PRESTES Sábado (20) - Margareth Menezes às 19h e Lenine às 20h. Domingo (21) - Fábio Jr. às 3h, Edson Gomes às 6h, Emicida e convidados às 15h e Caetano Veloso às 18h. THEATRO MUNICIPAL DE SÃO PAULO Sábado (20) - Lounge dos Games às 18h e Laércio de Freitas às 21h. Domingo (21) - Hermeto Pascoal e outros às 0h, Bacamarte + Jane Duboc às 3h, entre outros. PALCO ANHANGABAÚ Sábado (20) - Nhocuné Soul às 18h, Carlos Dafé às 20h, e mais. Domingo (21) - Lady Zu às 2h, Di Melo às 4h, entre outros. PALCO PRINCESA ISABEL (musicais) Sábado (20) - Tiago Abravanel canta Tim Maia às 18h e \"Dia Feliz\" às 23h59. Domingo (21) - \"Rita Lee Mora ao Lado\" às 3h, \"Mundo Mágico de Oz\" às 6h, entre outros. PALCO RIO BRANCO Sábado (20) - Pedro Baby e Beto Lee às 18h, Akira S & As Garotas que Erraram às 20h, e mais. Domingo (21) - Cachorro Grande às 2h, Far From Alaska às 4h, entre outros. PALCO SÃO JOÃO (Homenagem aos 50 anos da Jovem Guarda) Sábado (20) - Jerry Adriani às 18h, Clevers com convidados às 20h, e mais. Domingo (21) - Leno e Lilian à meia-noite, Paulo Cesar Barros às 2h, entre outros. PALCO BARÃO DE LIMEIRA Sábado (20) - Vander Lee às 19h, Paulinho Boca canta Novos Baianos às 21h, e mais. Domingo (21) - Chico César às 1h, Alzira E às 3h, entre outros. MINHOCÃO Será fechado para carros no sábado (21), a partir das 15h, para performances artísticas. Domingo (21), a partir das 8h: Mercado Mundo Mix. PALCO CÁSPER LÍBERO Sábado (20) - Cumbia Negro às 19h, Dona Onete às 21h, e mais. Domingo (21) - Babel (Argentina) às 3h, TODOPODEROSO Marcial às 5h, entre outros. PALCO BARÃO DE ITAPETININGA Sábado (20) - Belo às 21h. PALCO VILA PRUDENTE Sábado (20) - Naldo Benny às 19h. PALCO CAPELA DO SOCORRO Sábado (20) - Raça Negra às 21h. PALCO CIDADE TIRADENTES Sábado (20) - Jeito Moleque às 21h. CEU Heliópolis Sábado (20) - Yadah Shabah às 19h, Violeiros às 20h, e mais. Domingo (21) - Trupe Trupê às 10h, Cínica Cia às 11h, entre outros. CEU Pêra Marmelo Sábado (20) - Em pé de Passagem às 19h, Dinho Nascimento às 20h, e mais. Domingo (21) - Cia Palavras Andantes às 9h, Zumba Amigos da ZN às 10h, entre outros. CEU Vila Curuçá (São Miguel Paulista) Sábado (20) - Família Nada Consta às 18h, Periferia Invisivel às 19h, e mais. Domingo (21) - José da Silva Matos às 9h, Demenos Crime às 10h, entre outros. CEU CANTOS DO AMANHECER Sábado (20) - Zafrica Brasil às 18h, Extremo X às 19h, e mais. Domingo (21) - Mariangela Zan às 10h, Cia O Curioso às 11h, entre outros.",
        "class_label": 2,
        "prediction": "sim"
    },
    {
        "title": "Finn empunha sabre de luz dos Skywalker em novo teaser de 'Star Wars 7'; veja",
        "text": "John Boyega, interpretando Finn, foi destaque no primeiro pôster de 'Star Wars: Episódio 7 - O Despertar da Força', revelado no dia 15. Agora, Finn surge pela primeira vez empunhando o icônico sabre de luz azul, que antes pertencia a Anakin e Luke Skywalker. Em um teaser divulgado nesta quinta-feira (27) no perfil do filme no Instagram, Finn segura a arma logo após Kylo Ren, interpretado por Adam Driver, puxar a sua, sugerindo um confronto iminente entre os dois na nevasca da floresta. Andy Serkis, como Snoke, líder supremo da ordem dos Cavaleiros de Ren, narra o teaser com a frase: \"Houve um despertar. Você o sentiu?\". Essa narração é acompanhada por imagens de stormtroopers em formação militar e de Rey, personagem de Daisy Ridley, que olha para o céu com BB-8 ao lado. 'O Despertar da Força' continua a história 32 anos após 'O Retorno de Jedi'. Sob a direção de J.J. Abrams, o filme, que utiliza tecnologias 3D e IMAX, tem uma previsão de bilheteria de US$ 2 bilhões. Sua estreia no Brasil está marcada para 17 de dezembro.",
        "class_label": 2,
        "prediction": "sim"
    },
    {
        "title": "Erramos: Microsoft vai abandonar marca Internet Explorer",
        "text": "A informação anteriormente veiculada na matéria \"Microsoft vai abandonar marca Internet Explorer\" (Tec - 17/03/2015 - 13h01) sobre a porcentagem de uso do Firefox no Brasil foi retificada. Conforme os dados do serviço Statcounter, o navegador é utilizado em 10,8% dos acessos à internet no país, e não em 18,8% como havia sido mencionado inicialmente.",
        "class_label": 2,
        "prediction": "sim"
    },
    {
        "title": "Duas empresas de ônibus estão em greve há três dias em Guarulhos",
        "text": "A paralisação dos motoristas e cobradores das empresas Atual e Campos dos Ouros, localizadas em Guarulhos, região metropolitana de São Paulo, entra no terceiro dia nesta segunda-feira, dia 12. A manifestação tem impacto sobre 16 linhas de ônibus municipais e cinco linhas que conectam Guarulhos a terminais na Penha e no Brás, na zona leste da capital paulista. O motivo da greve é o atraso no pagamento dos salários dos trabalhadores, que teve início no sábado, dia 10.",
        "class_label": 2,
        "prediction": "sim"
    },
    {
        "title": "Família lança single de novo álbum de Chuck Berry; ouça",
        "text": "Desde 1979, o músico Chuck Berry não lançava um álbum de inéditas. Em uma postagem no Facebook, sua família expressou que, apesar do luto pela sua morte no sábado (18), \"Chuck tinha como maior vontade ver seu álbum sendo lançado para o público.\" O álbum \"Chuck\" foi inicialmente revelado em outubro de 2016 como uma celebração do aniversário de 90 anos do artista. Conforme informado no site oficial de Berry, o disco, que foi gravado entre 1991 e 2014, tem previsão de lançamento para o dia 16 de junho. O comunicado também revela que das dez músicas, oito foram escritas pelo próprio Berry. Além disso, o álbum \"Chuck\" inclui colaborações de músicos como Gary Clark Jr., Tom Morello, Nathaniel Rateliff e Charles Berry III, neto do ícone do rock.  Ouça a faixa de abertura do álbum \"Chuck\": Chuck Berry - Big Boys Faixas do álbum: \"Wonderful Woman\" \"Big Boys\" \"You Go To My Head\" \"3/4 Time (Enchiladas)\" \"Darlin'\" \"Lady B. Goode\" \"She Still Loves You\" \"Jamaica Moon\" \"Dutchman\" \"Eyes Of Man\"",
        "class_label": 2,
        "prediction": "sim"
    },
    {
        "title": "Três quartos dos ouros do Brasil no Pan não têm nível de pódio olímpico",
        "text": "Cerca de 75% das medalhas de ouro obtidas pelo Brasil no Pan de Toronto não seriam suficientes para garantir uma posição no pódio olímpico. Alguns dos índices alcançados pelos vencedores não seriam sequer capazes de classificá-los para as finais olímpicas, se tomarmos como referência os resultados dos Jogos de Londres-2012. Considerando apenas as provas que envolvem marcação de tempo ou pontuação, apenas dois ouros – o de Felipe França na natação e o de Isaquias Queiroz na canoagem – teriam o potencial de se transformar em medalhas na última Olimpíada.  O Comitê Olímpico do Brasil (COB) estabeleceu como meta alcançar entre 27 e 30 medalhas e ocupar uma das dez primeiras posições no quadro de medalhas dos Jogos do Rio em 2016. Das 32 medalhas de ouro conquistadas pelo Brasil no Canadá até a noite de quarta-feira (22), apenas em até oito casos os resultados podem ser vistos como um bom indicativo para o próximo ano. Nos demais casos, ou a pontuação não seria suficiente para garantir um lugar no pódio olímpico ou os adversários continentais não pertencem à elite mundial. A natação serve como exemplo: dos dez títulos no Pan, apenas a vitória de Felipe França nos 100 metros peito seria suficiente para uma medalha olímpica; seus 59s21 renderiam uma medalha de bronze em Londres. Já as vitórias de Thiago Simon e Brandonn Almeida não seriam suficientes para garantir uma vaga nas finais olímpicas de 2012. Na canoagem, Isaquias Queiroz conquistou dois ouros, mas apenas um dos tempos o colocaria no pódio olímpico. Ele completou os 200 metros em 39s991, um tempo que também lhe daria o ouro em Londres-2012. No atletismo, a vitória de Juliana dos Santos nos 5.000 metros na terça-feira (21) é outro exemplo de como a medalha de ouro no Pan pode não ser um parâmetro para a Olimpíada. Com o tempo que a levou ao primeiro lugar em Toronto, ela teria sido apenas a 33a colocada nos Jogos de Londres. No judô, cinco medalhas de ouro foram conquistadas pelo Brasil no Pan, sendo a vitória mais significativa a de Tiago Camilo, que venceu o vice-campeão olímpico Asley González, de Cuba. Contudo, em outros casos, os brasileiros não enfrentaram líderes do ranking mundial. Joice Souza, medalhista de ouro na luta olímpica, também é um exemplo. Sua conquista no Pan não inclui as lutadoras europeias e asiáticas, que são as melhores no esporte. No último Mundial, Joice terminou em 15o lugar. O mesmo se aplica à equipe masculina de tênis de mesa, que conquistou sua sexta medalha de ouro no Pan, mas ainda não conseguiu nenhuma nos Jogos Olímpicos, já que os melhores times são asiáticos e europeus. Por outro lado, o desempenho do atirador Felipe Wu atingiu um nível olímpico. A pontuação que ele obteve na final da pistola de ar 10 metros o deixaria no topo do pódio em 9 das 12 competições internacionais deste ciclo olímpico – embora não seja possível comparar diretamente com os resultados de Londres-2012 devido a mudanças no cálculo de pontos. Confira as medalhas do Brasil no Pan-2015: Crédito: Editoria de Arte/Folhapress",
        "class_label": 2,
        "prediction": "sim"
    },
    {
        "title": "\n\t\tRio 2016 Committee to Distribute 115,000 Bottles of Mosquito Repellant to Athletes and Volunteers\n\t\t",
        "text": "Devido ao receio dos atletas em relação ao vírus Zika, o Comitê Rio 2016 optou por distribuir 115.000 frascos de repelente de insetos durante os Jogos Olímpicos, que têm início marcado para 5 de agosto. O produto será patrocinado pela marca OFF!, que se tornou o patrocinador oficial de repelentes do evento. Além disso, a empresa planeja oferecer amostras de repelente aos fãs em algumas competições nas áreas com maior concentração do mosquito. A marca afirma que seus repelentes são fabricados em Manaus e foram considerados eficazes contra o mosquito Aedes aegypti, vetor de doenças como o Zika, Dengue e Chikungunya, por organizações internacionais. O presidente da SC Johnson Brasil, Stephane Reverdy, negou que a decisão de se tornar patrocinador oficial tenha sido influenciada por preocupações dos atletas, delegações e fãs com o vírus durante o evento esportivo. O mais recente atleta a desistir dos Jogos Olímpicos do Rio é o golfista japonês Hideki Matsuyama, que ocupa a 17a posição no ranking mundial do esporte. Outros oito golfistas também já haviam se retirado por causa do vírus Zika. O golfe retorna aos Jogos Olímpicos após mais de um século de ausência. Traduzido por SUGHEY RAMIREZ Leia o artigo no idioma original +Últimas notícias em inglês Como o Rio transformou o sonho olímpico em pesadelo em 26 imagens Empresa de Construção Delta é acusada de desviar R$ 370 milhões Samarco não cumpre medidas para mitigar tragédia em MG, diz Ibama",
        "class_label": 2,
        "prediction": "sim"
    }
]