[
    {
        "title": "A bagunça das crianças é um problema só delas? Leia texto de Rosely Sayão",
        "text": "Imagine que seus pais deixem a arrumação de seu quarto por sua conta e que eles não se importam com o jeito com que ele fica. É só imaginação, claro, porque os pais se importam, sim, com a organização do seu quarto. Você pode achar isso uma bobagem. Afinal, qual o problema de deixar uma roupa fora do armário, a toalha de banho na cadeira, alguns brinquedos espalhados e pratos de lanche sobre um móvel? Ter o quarto arrumado ou desorganizado é um problema só seu, não é verdade? Mas na sala de sua casa ou na escola, o problema não é mais só seu: é de muitas outras pessoas. Leia a coluna completa e veja a tira de Armandinho aqui.",
        "class_label": 0,
        "prediction": "2"
    },
    {
        "title": "Unesp divulga resultado do vestibular 2016",
        "text": "A Universidade Estadual Paulista (Unesp) anunciou na manhã desta segunda-feira, 13 de junho, o resultado do vestibular 2016. A lista dos aprovados pode ser consultada no site oficial da Vunesp, organizadora do exame. A prova, realizada em duas fases, contou com mais de 100 mil inscritos, disputando vagas em 175 cursos de graduação distribuídos em 34 cidades do estado de São Paulo. A segunda fase ocorreu nos dias 18 e 19 de maio, e os candidatos enfrentaram questões discursivas e uma redação. A universidade ofereceu neste ano 7.725 vagas, sendo 50% reservadas para o sistema de cotas, que inclui estudantes de escolas públicas, negros, pardos e indígenas. Os aprovados deverão realizar a matrícula virtual entre os dias 14 e 16 de junho, seguindo as instruções disponíveis no portal da Vunesp. Para mais informações, os candidatos podem acessar o site ou entrar em contato pelo telefone 0800-2834628. A Unesp destaca que os aprovados iniciarão as aulas no segundo semestre letivo, que tem início previsto para o mês de agosto. A instituição também informou que haverá uma segunda chamada, com divulgação prevista para o dia 20 de junho.",
        "class_label": 1,
        "prediction": "2"
    },
    {
        "title": "Veja os cartuns de Arnaldo Branco e Laura Lannes sobre férias de inverno",
        "text": "",
        "class_label": 0,
        "prediction": "1"
    },
    {
        "title": "Rei do fast food tem carne feita na grelha e refil de refrigerante grátis",
        "text": "ANNA VIRGINIA BALLOUSSIER DE SÃO PAULO Há hambúrguer, alface, queijo, molho especial, cebola, picles e pão com gergelim, mas não se engane, não estamos falando de um sanduíche comum. Desde que o palhaço Ronald McDonald's decepcionou em 2014, a liderança no segmento de \"fast food\" foi assumida por uma cadeia de lanchonetes que surgiu nos EUA em 1954 e só desembarcou no Brasil cinco décadas depois. O que torna o Burger King tão especial? Um bom ponto de partida é o refil gratuito de refrigerante. Além disso, a rede aposta em opções de \"fast food gourmet\", uma combinação tão inusitada quanto um restaurante D.O.M. e um boteco com ovo roxo - as carnes do Burger King são preparadas na grelha. Em linhas gerais, o segredo do sucesso é algo conhecido no setor: porções generosas entregues em um piscar de olhos (o pedido é servido em questão de minutos). Só um copo de meio litro de milk-shake de Ovomaltine (mais espesso que o tradicional do Bob's) contém 911 calorias, um fato que pode ser constatado se alguém se arriscar a ler o quadro nutricional em letras pequenas na parede. Diante de tentações como a casquinha sabor chocolate Sensação (com recheio de morango no final) e o lanche temático de Halloween, com pão preto com sabor de churrasco, carne, bacon e queijo, talvez seja melhor não se preocupar com as calorias. Um detalhe curioso: as redes sociais foram a loucura com relatos de consumidores sobre um efeito colateral inesperado desse banquete: fezes verdes, uma brincadeira típica do Dia das Bruxas. Até o sanduíche vegetariano é um desafio para os que seguem uma dieta restritiva: em vez de carne, uma massa de batata recheada com queijo, estilo polpetone. Se a quantidade de maionese não for suficiente, é possível adquirir um sachê extra por apenas R$ 0,25. Para quem busca uma opção menos calórica, o preço pode ser salgado. Há quem opte por um suco light em lata (vendido por R$ 6 em um restaurante já considerado caro), que custa R$ 9,90. No fim das contas, ir ao \"Rei do Hambúrguer\" (o nome da rede em português) é como se expor à chuva. Se não for para se molhar, talvez seja melhor pedir algumas dicas de culinária saudável à chef Bela Gil, como o já famoso churrasco de melancia. Localizado na R. Tabapuã, 1.265, no Itaim Bibi, região oeste, sem telefone. Capacidade para 50 pessoas. Aberto de segunda a domingo, das 10h às 22h.",
        "class_label": 2,
        "prediction": "0"
    },
    {
        "title": "Centrais sindicais pedem eleições diretas e criticam reformas",
        "text": "Centrais sindicais divulgaram nota conjunta pedindo apuração rigorosa e e eleições diretas para garantir uma solução democrática para o impasse criado pelas delações envolvendo o presidente Michel Temer. O presidente foi gravado por Joesley Batista, um dos sócios do frigorífico JBS, em ação conjunta da PF com a Procuradoria. As conversas sugerem seu aval a compra do silêncio do ex-deputado Eduardo Cunha (PMDB). O texto das centrais defende a realização, no mais curto espaço de tempo exigido pela Constituição, eleições gerais e democráticas. A nota é assinada por seis centrais: CSB (Central dos Sindicatos Brasileiros), CTB (Central dos Trabalhadores Brasileiros), Força Sindical e UGT (União Geral dos Trabalhadores) e NCST (Nova Central Sindical dos Trabalhadores). Nela, as organizações exigem o estrito cumprimento do rito constitucional e a revalorização do estado de direito como a via para a devida apuração destas e das demais denúncias e acusações. As centrais também aproveitaram para criticar as reformas trabalhista e previdenciária do governo, em discussão na Câmara e no senado. Elas exigem sua retirada imediata da pauta para que o debate aconteça de forma ampla, envolvendo representações de trabalhadores e sociedade. Segundo a nota, o esgarçamento das instituições republicanas indica a falta de legitimidade política e social do governo para,querer jogar sobre as costas dos trabalhadores e da parcela mais humilde da sociedade o custo do ajuste econômico representado pelas propostas. REFORMA POLÍTICA Em outro texto, divulgado pela UGT, trabalhadores reiteraram a exigência de eleições diretas e também cobraram a realização de uma reforma política. \"Só uma nova ordem política é capaz de resgatar a confiança do povo brasileiro diante do mar de lama que tomou conta da classe política brasileira\", afirma a central sindical. segundo a UGT, o atual modelo político favorece a realização de ações ilícitas, desvio de recursos públicos e favorecimento de uma pequena elite política e empresarial. Esses atos estão sendo desvendadas por meio da Operação Lava Jato, diz a central. Mais cedo, Vagner Freitas, presidente da CUT (Central Única dos Trabalhadores), havia se posicionado contra eleições indiretas no caso da saída do presidente. \"O Brasil precisa decidir se quer continuar ou sair da crise\", afirmou. De acordo com ele, caso o Congresso não acate a emenda pelas \"Diretas, já\", haverá um \"movimento imediato pelo 'Fora, Rodrigo'\", referindo-se ao presidente da Câmara, Rodrigo Maia (DEM-RJ). \"Os políticos precisam deixar o povo brasileiro definir seu futuro. A eleição indireta nos deixará nas mãos do mesmo grupo político.\" As centrais informam que, no dia 24 de maio, estarão em Brasília, com a Marcha Nacional dos Trabalhadores, contra as reformas em discussão e exigindo solução democrática para o impasse político.",
        "class_label": 0,
        "prediction": "2"
    },
    {
        "title": "\n\t\tConheça instituições que ensinam técnicas de negociação\n\t\t",
        "text": "De São Paulo Descubra instituições que disponibilizam cursos sobre técnicas de negociação.  Universidade de Michigan A Universidade de Michigan disponibiliza o curso Negociações de Sucesso: Estratégias e Habilidades Fundamentais, oferecido em português. Gratuito; site: goo.gl/o7uh1I  Insper O Insper oferece o curso Estratégia de Negociação e Administração de Conflitos. As sessões acontecem de 25 a 28/10, na Vila Olímpia (zona sul de São Paulo) e têm um custo de R$ 4.750; site: goo.gl/UABJB6  Fundação Getúlio Vargas A FGV disponibiliza aulas on-line sobre o tema. A próxima turma tem início a partir de 3/10 e tem duração de nove semanas. O preço é de R$ 920; site: goo.gl/kAbw4D  Senac O Senac tem inscrições abertas para o curso a distância Estratégias de Negociação. Os alunos têm até 30 dias após a matrícula para concluir o curso. O valor é de R$ 75; site: goo.gl/hnBNDd",
        "class_label": 2,
        "prediction": "0"
    },
    {
        "title": "Alalaô: Vila Madalena, na zona oeste de SP, tenta barrar blocos de rua",
        "text": "JAIRO MARQUES DE SÃO PAULO Uma parcela dos habitantes e comerciantes da Vila Madalena (região oeste de São Paulo) julga que a comunicação com a administração municipal e com os blocos do Carnaval de rua se encerrou e, por isso, está adotando uma postura de oposição na busca ... Leia o artigo completo no blog",
        "class_label": 2,
        "prediction": "0"
    },
    {
        "title": "'Dei o meu melhor', diz Luis Fonsi sobre cantar 'Despacito' em português",
        "text": "O sucesso \"Despacito\", que permanece há 25 semanas nas paradas musicais, sendo nove delas no topo da lista \"Hot 100\" da \"Billboard\", ganhou nesta sexta-feira (14) sua primeira versão em língua portuguesa. O sertanejo Israel Novaes dividiu os vocais com o criador e intérprete original da música, o porto-riquenho Luis Fonsi, mantendo o mesmo nome.  Fonsi expressou à Folha o seu esforço para cantar em português: \"Fiz o meu melhor para cantar em português, espero que as pessoas gostem tanto quanto eu gostei de gravar, dediquei muito tempo e esforço nisso\".  Ele destacou a conexão especial que a canção tem com o Brasil, já que foi composta em conjunto com Erika Ender, uma panamenha de mãe brasileira. \"Sempre quis fazer uma versão em português, acho que é uma língua linda e quis dar essa oportunidade\".  A parceria com Novaes foi facilitada pela gravadora de Fonsi, que viu no sertanejo um excelente parceiro para \"Despacito\". \"Ouvi a música dele e achei muito boa, um ótimo encaixe para 'Despacito'\". O refrão da versão brasileira convida: \"Devagar, só quero sentir seu corpo devagar, colar no teu ouvido até te arrepiar, quando ficar sozinha vai lembrar de mim\". A nova versão está disponível para audição no Spotify.",
        "class_label": 2,
        "prediction": "0"
    },
    {
        "title": "Finn empunha sabre de luz dos Skywalker em novo teaser de 'Star Wars 7'; veja",
        "text": "John Boyega, interpretando Finn, foi destaque no primeiro pôster de 'Star Wars: Episódio 7 - O Despertar da Força', revelado no dia 15. Agora, Finn surge pela primeira vez empunhando o icônico sabre de luz azul, que antes pertencia a Anakin e Luke Skywalker. Em um teaser divulgado nesta quinta-feira (27) no perfil do filme no Instagram, Finn segura a arma logo após Kylo Ren, interpretado por Adam Driver, puxar a sua, sugerindo um confronto iminente entre os dois na nevasca da floresta. Andy Serkis, como Snoke, líder supremo da ordem dos Cavaleiros de Ren, narra o teaser com a frase: \"Houve um despertar. Você o sentiu?\". Essa narração é acompanhada por imagens de stormtroopers em formação militar e de Rey, personagem de Daisy Ridley, que olha para o céu com BB-8 ao lado. 'O Despertar da Força' continua a história 32 anos após 'O Retorno de Jedi'. Sob a direção de J.J. Abrams, o filme, que utiliza tecnologias 3D e IMAX, tem uma previsão de bilheteria de US$ 2 bilhões. Sua estreia no Brasil está marcada para 17 de dezembro.",
        "class_label": 2,
        "prediction": "0"
    },
    {
        "title": "Erramos: Microsoft vai abandonar marca Internet Explorer",
        "text": "A informação anteriormente veiculada na matéria \"Microsoft vai abandonar marca Internet Explorer\" (Tec - 17/03/2015 - 13h01) sobre a porcentagem de uso do Firefox no Brasil foi retificada. Conforme os dados do serviço Statcounter, o navegador é utilizado em 10,8% dos acessos à internet no país, e não em 18,8% como havia sido mencionado inicialmente.",
        "class_label": 2,
        "prediction": "0"
    },
    {
        "title": "Duas empresas de ônibus estão em greve há três dias em Guarulhos",
        "text": "A paralisação dos motoristas e cobradores das empresas Atual e Campos dos Ouros, localizadas em Guarulhos, região metropolitana de São Paulo, entra no terceiro dia nesta segunda-feira, dia 12. A manifestação tem impacto sobre 16 linhas de ônibus municipais e cinco linhas que conectam Guarulhos a terminais na Penha e no Brás, na zona leste da capital paulista. O motivo da greve é o atraso no pagamento dos salários dos trabalhadores, que teve início no sábado, dia 10.",
        "class_label": 2,
        "prediction": "0"
    },
    {
        "title": "Chuva forte volta a colocar São Paulo em atenção para alagamentos",
        "text": "A intensa chuva que afeta a Grande São Paulo levou o CGE (Centro de Gerenciamento de Emergência) da prefeitura a colocar a cidade inteira em alerta para inundações por volta das 15h10 desta segunda-feira, 5 de dezembro. O calor intenso e a alta umidade do ar foram os responsáveis pelo aumento da precipitação, que se intensificou por volta das 14h40 nas áreas sul e leste da capital paulista, antes de se espalhar para outras regiões. Dois pontos de alagamento foram registrados, mas já haviam sido resolvidos por volta das 15h50. À época, a chuva mais forte estava nas áreas de Vila Prudente, São Mateus, Itaquera, Aricanduva/Formosa e parte de Cidade Tiradentes (zona leste), Vila Mariana e Ipiranga (zona sul), Pinheiros e Butantã (zona oeste), bem como entre Pirituba e Jaraguá (zona norte). Felizmente, o mau tempo não afetou os aeroportos de Congonhas e Cumbica, nem as linhas da CPTM. Para a terça-feira, 6 de dezembro, a previsão é de aumento da temperatura, com o calor e a alta umidade propiciando pancadas de chuva que podem ser bastante intensas entre a tarde e o começo da noite. O CGE alerta para a possibilidade de ventos fortes e novos alagamentos. As temperaturas devem oscilar entre 20°C e 30°C.",
        "class_label": 2,
        "prediction": "0"
    },
    {
        "title": "Acumulada, Mega-Sena pode pagar prêmio de R$ 18 milhões nesta terça",
        "text": "Nesta terça-feira (05), a Mega-Sena acumulada pode pagar um prêmio de R$ 18 milhões. O sorteio, que será realizado às 20h, na cidade de São Paulo, tem atraído a atenção de apostadores de todo o país. As dezenas que definirão o próximo milionário serão divulgadas ao vivo pela Caixa Econômica Federal. A probabilidade de acertar as seis dezenas com uma aposta simples é de uma em 50.063.860. Contudo, a expectativa é que o prêmio alto atraia mais jogos, aumentando a possibilidade de múltiplos ganhadores.  Para concorrer, os interessados podem realizar suas apostas até as 19h de hoje nas lotéricas credenciadas ou pelo site da Caixa. O valor mínimo de aposta é de R$ 4,50. Além da Mega-Sena, a Lotofácil e a Quina também terão sorteios nesta terça, com prêmios estimados em R$ 4 milhões e R$ 3 milhões, respectivamente. A Caixa lembra que, para retirar o prêmio, o ganhador deverá apresentar o bilhete premiado, um documento de identificação e o CPF. O prêmio deve ser resgatado em até 90 dias após a data do sorteio; após esse prazo, os valores são repassados ao Tesouro Nacional para aplicação no FIES - Fundo de Financiamento Estudantil. Com o prêmio da Mega-Sena, o sortudo pode comprar 180 carros de luxo no valor de R$ 100 mil cada, ou aplicar o valor e ganhar cerca de R$ 60 mil por mês com os rendimentos mensais. Além disso, o prêmio também permite a realização de diversos sonhos, como viagens internacionais, investimentos em imóveis e aposentadoria antecipada. O último sorteio da Mega-Sena, realizado no sábado (02), não teve acertadores das seis dezenas, o que levou ao acúmulo do prêmio para o sorteio de hoje. As dezenas sorteadas foram: 05, 15, 22, 23, 26 e 30. A quina teve 34 ganhadores, cada um levando R$ 60.867,47, e a quadra teve 2.472 acertadores, com prêmios individuais de R$ 1.172,77. Acompanhe o sorteio e boa sorte!",
        "class_label": 1,
        "prediction": "2"
    },
    {
        "title": "Hoje na TV: Rio de Janeiro x Osasco, pela Superliga de vôlei feminino",
        "text": "12h Masters 1.000 de Miami Tênis, SporTV 3 15h45 Irlanda do Norte x Eslovênia Amistoso, ESPN 18h30 Rio de Janeiro x Osasco Vôlei, Superliga feminina, SporTV 19h Sorocaba x Guarani Paulista, Série A-2, SporTV 2 20h30 Tampa Bay Lightning x Toronto Maple Leafs Hóquei no gelo, ESPN+ 21h50 Peñarol x River Plate Amistoso, ESPN",
        "class_label": 0,
        "prediction": "2"
    }
]