[
    {
        "title": "Em crise, Fundação Iberê Camargo abrirá só duas vezes por semana",
        "text": "Um dos cartões-postais da cena artística de Porto Alegre, a Fundação Iberê Camargo vai reduzir seu horário de abertura a só dois dias por semana. O museu desenhado pelo arquiteto português Álvaro Siza passa a funcionar, a partir da semana que vem, só às sextas e sábados, das 13h às 18h. Em crise nos últimos anos com cortes drásticos de repasses de patrocinadores como a Gerdau, a Vonpar e o Itaú, o museu vem demitindo funcionários e agora admite que não terá outra alternativa a não ser cortar seu horário de atendimento ao público. Seu maior patrocinador, a Gerdau, por exemplo, reduziu o volume do patrocínio de mais de R$ 4 milhões há dois anos para menos de R$ 50 mil no ano passado, sinalizando o corte que levaria à mais profunda crise da instituição inaugurada há oito anos na capital gaúcha. Enquanto isso, a Bienal do Mercosul, outra instituição de peso no cenário artístico de Porto Alegre, também já adiantou que passará por uma profunda reformulação antes de sua próxima edição, marcada para setembro do ano que vem.",
        "class_label": 0,
        "prediction": "não"
    },
    {
        "title": "Veja os cartuns de Arnaldo Branco e Laura Lannes sobre férias de inverno",
        "text": "",
        "class_label": 0,
        "prediction": "não"
    },
    {
        "title": "\n\t\tConheça instituições que ensinam técnicas de negociação\n\t\t",
        "text": "De São Paulo Descubra instituições que disponibilizam cursos sobre técnicas de negociação.  Universidade de Michigan A Universidade de Michigan disponibiliza o curso Negociações de Sucesso: Estratégias e Habilidades Fundamentais, oferecido em português. Gratuito; site: goo.gl/o7uh1I  Insper O Insper oferece o curso Estratégia de Negociação e Administração de Conflitos. As sessões acontecem de 25 a 28/10, na Vila Olímpia (zona sul de São Paulo) e têm um custo de R$ 4.750; site: goo.gl/UABJB6  Fundação Getúlio Vargas A FGV disponibiliza aulas on-line sobre o tema. A próxima turma tem início a partir de 3/10 e tem duração de nove semanas. O preço é de R$ 920; site: goo.gl/kAbw4D  Senac O Senac tem inscrições abertas para o curso a distância Estratégias de Negociação. Os alunos têm até 30 dias após a matrícula para concluir o curso. O valor é de R$ 75; site: goo.gl/hnBNDd",
        "class_label": 2,
        "prediction": "sim"
    },
    {
        "title": "Alalaô: Vila Madalena, na zona oeste de SP, tenta barrar blocos de rua",
        "text": "JAIRO MARQUES DE SÃO PAULO Uma parcela dos habitantes e comerciantes da Vila Madalena (região oeste de São Paulo) julga que a comunicação com a administração municipal e com os blocos do Carnaval de rua se encerrou e, por isso, está adotando uma postura de oposição na busca ... Leia o artigo completo no blog",
        "class_label": 2,
        "prediction": "sim"
    },
    {
        "title": "Anitta cancela show na Virada Cultural e será substituída por Belo",
        "text": "Um dos principais destaques da Virada Cultural 2015, que terá lugar em São Paulo nos dias 20 e 21, a cantora Anitta não mais se apresentará no evento. A informação foi divulgada pela equipe de imprensa do evento na segunda-feira, dia 15, que alegou problemas de agenda para a mudança. O show que a funkeira faria no palco Barão de Itapetininga às 21h do sábado foi substituído por um show do cantor Belo. Belo, originalmente programado para o palco Tiradentes no mesmo horário, será substituído pelo grupo Jeito Moleque. A Virada Cultural deste ano tem o funk como um de seus principais atrativos, contando com outros artistas do gênero como Naldo e Ludmilla. Ludmilla, que tem o sucesso \"Hoje\" como um de seus hits, fará dois shows: um em Heliópolis às 18h do sábado e outro no Palco Arouche às 9h30 do domingo. Já Naldo Benny se apresentará no sábado, 20, às 20h, para o público da Vila Prudente. Outros nomes do funk, como Batalha do Passinho e MC Garden, também estarão no evento. A programação da Virada Cultural sofreu alterações e algumas das atrações confirmadas incluem: PALCO JÚLIO PRESTES Sábado (20) - Margareth Menezes às 19h e Lenine às 20h. Domingo (21) - Fábio Jr. às 3h, Edson Gomes às 6h, Emicida e convidados às 15h e Caetano Veloso às 18h. THEATRO MUNICIPAL DE SÃO PAULO Sábado (20) - Lounge dos Games às 18h e Laércio de Freitas às 21h. Domingo (21) - Hermeto Pascoal e outros às 0h, Bacamarte + Jane Duboc às 3h, entre outros. PALCO ANHANGABAÚ Sábado (20) - Nhocuné Soul às 18h, Carlos Dafé às 20h, e mais. Domingo (21) - Lady Zu às 2h, Di Melo às 4h, entre outros. PALCO PRINCESA ISABEL (musicais) Sábado (20) - Tiago Abravanel canta Tim Maia às 18h e \"Dia Feliz\" às 23h59. Domingo (21) - \"Rita Lee Mora ao Lado\" às 3h, \"Mundo Mágico de Oz\" às 6h, entre outros. PALCO RIO BRANCO Sábado (20) - Pedro Baby e Beto Lee às 18h, Akira S & As Garotas que Erraram às 20h, e mais. Domingo (21) - Cachorro Grande às 2h, Far From Alaska às 4h, entre outros. PALCO SÃO JOÃO (Homenagem aos 50 anos da Jovem Guarda) Sábado (20) - Jerry Adriani às 18h, Clevers com convidados às 20h, e mais. Domingo (21) - Leno e Lilian à meia-noite, Paulo Cesar Barros às 2h, entre outros. PALCO BARÃO DE LIMEIRA Sábado (20) - Vander Lee às 19h, Paulinho Boca canta Novos Baianos às 21h, e mais. Domingo (21) - Chico César às 1h, Alzira E às 3h, entre outros. MINHOCÃO Será fechado para carros no sábado (21), a partir das 15h, para performances artísticas. Domingo (21), a partir das 8h: Mercado Mundo Mix. PALCO CÁSPER LÍBERO Sábado (20) - Cumbia Negro às 19h, Dona Onete às 21h, e mais. Domingo (21) - Babel (Argentina) às 3h, TODOPODEROSO Marcial às 5h, entre outros. PALCO BARÃO DE ITAPETININGA Sábado (20) - Belo às 21h. PALCO VILA PRUDENTE Sábado (20) - Naldo Benny às 19h. PALCO CAPELA DO SOCORRO Sábado (20) - Raça Negra às 21h. PALCO CIDADE TIRADENTES Sábado (20) - Jeito Moleque às 21h. CEU Heliópolis Sábado (20) - Yadah Shabah às 19h, Violeiros às 20h, e mais. Domingo (21) - Trupe Trupê às 10h, Cínica Cia às 11h, entre outros. CEU Pêra Marmelo Sábado (20) - Em pé de Passagem às 19h, Dinho Nascimento às 20h, e mais. Domingo (21) - Cia Palavras Andantes às 9h, Zumba Amigos da ZN às 10h, entre outros. CEU Vila Curuçá (São Miguel Paulista) Sábado (20) - Família Nada Consta às 18h, Periferia Invisivel às 19h, e mais. Domingo (21) - José da Silva Matos às 9h, Demenos Crime às 10h, entre outros. CEU CANTOS DO AMANHECER Sábado (20) - Zafrica Brasil às 18h, Extremo X às 19h, e mais. Domingo (21) - Mariangela Zan às 10h, Cia O Curioso às 11h, entre outros.",
        "class_label": 2,
        "prediction": "sim"
    },
    {
        "title": "'Dei o meu melhor', diz Luis Fonsi sobre cantar 'Despacito' em português",
        "text": "O sucesso \"Despacito\", que permanece há 25 semanas nas paradas musicais, sendo nove delas no topo da lista \"Hot 100\" da \"Billboard\", ganhou nesta sexta-feira (14) sua primeira versão em língua portuguesa. O sertanejo Israel Novaes dividiu os vocais com o criador e intérprete original da música, o porto-riquenho Luis Fonsi, mantendo o mesmo nome.  Fonsi expressou à Folha o seu esforço para cantar em português: \"Fiz o meu melhor para cantar em português, espero que as pessoas gostem tanto quanto eu gostei de gravar, dediquei muito tempo e esforço nisso\".  Ele destacou a conexão especial que a canção tem com o Brasil, já que foi composta em conjunto com Erika Ender, uma panamenha de mãe brasileira. \"Sempre quis fazer uma versão em português, acho que é uma língua linda e quis dar essa oportunidade\".  A parceria com Novaes foi facilitada pela gravadora de Fonsi, que viu no sertanejo um excelente parceiro para \"Despacito\". \"Ouvi a música dele e achei muito boa, um ótimo encaixe para 'Despacito'\". O refrão da versão brasileira convida: \"Devagar, só quero sentir seu corpo devagar, colar no teu ouvido até te arrepiar, quando ficar sozinha vai lembrar de mim\". A nova versão está disponível para audição no Spotify.",
        "class_label": 2,
        "prediction": "sim"
    },
    {
        "title": "Duas empresas de ônibus estão em greve há três dias em Guarulhos",
        "text": "A paralisação dos motoristas e cobradores das empresas Atual e Campos dos Ouros, localizadas em Guarulhos, região metropolitana de São Paulo, entra no terceiro dia nesta segunda-feira, dia 12. A manifestação tem impacto sobre 16 linhas de ônibus municipais e cinco linhas que conectam Guarulhos a terminais na Penha e no Brás, na zona leste da capital paulista. O motivo da greve é o atraso no pagamento dos salários dos trabalhadores, que teve início no sábado, dia 10.",
        "class_label": 2,
        "prediction": "sim"
    },
    {
        "title": "Petrobras confirma irregularidades em contrato com a Braskem",
        "text": "A Petrobras confirmou, em nota enviada à Comissão de Valores Mobiliários (CVM), irregularidades nas negociações do contrato de fornecimento de nafta à Braskem, assinado em 2009. Segundo a companhia, a aprovação do documento não seguiu os procedimentos internos necessários. O contrato foi assinado pelo ex-diretor de abastecimento da estatal, Paulo Roberto Costa, que admitiu aos investigadores da Operação Lava Jato ter recebido pagamentos indevidos da construtora Odebrecht, controladora da petroquímica. Segundo o comunicado da Petrobras, uma comissão interna de apuração, instalada após as delações premiadas de Costa e do doleiro Alberto Youssef, \"identificou não-conformidades em relação aos procedimentos internos de aprovação do contrato de fornecimento de nafta petroquímica à Braskem\". A empresa não detalhou que tipo de irregularidades foram constatadas. O contrato previa o fornecimento de nafta com desconto sobre a cotação ARA (Amsterda-Roterda-Antuérpia), usada como referência de preços na Europa. A nafta é usada como matéria-prima na produção de plásticos. Em nota distribuída na segunda-feira, a Braskem negou que tenha sido favorecida pelo contrato, alegando que a cotação ARA é uma das mais caras do mundo. A Petrobras afirmou que \"adotou as medidas administrativas cabíveis e enviou o relatório final da Comissão Interna para o Ministério Público Federal e Departamento de Polícia Federal da Superintendência Regional do Paraná, a fim de que sejam aprofundadas as investigações pelas autoridades responsáveis\". A empresa reforçou que está tomando outras providências com relação ao caso e que vem colaborando com as investigações, fornecendo documentos e esclarecimentos necessários.",
        "class_label": 0,
        "prediction": "não"
    },
    {
        "title": "TCU deve julgar contas de 2015 em setembro",
        "text": "As contas de governo da presidente Dilma Rousseff de 2015 e os atos que levaram a seu impeachment só serão julgados pelo plenário do TCU (Tribunal de Contas da União) no segundo semestre. A Folha apurou que o ministro José Múcio pretende pedir ao governo explicações sobre supostas irregularidades apontadas pelos órgãos técnicos. A sessão em que ele fará esse pedido está prevista para o meio de junho. Como o prazo para explicações deve ser de 30 dias e as respostas terão que ser analisadas internamente, o calendário do julgamento final no TCU das contas de gestão deve coincidir com o que está sendo preparado no Senado para o julgamento do afastamento definitivo da presidente do cargo, previsto para setembro. Os atos apontados por senadores e deputados como motivo para a saída da presidente –a emissão de decretos de suplementação orçamentária e o não pagamento de dívidas com bancos públicos– só serão declarados regulares ou não pelo Tribunal de Contas após esse julgamento. Por enquanto, não há uma tendência clara entre os ministros sobre reprovar ou aprovar com ressalvas as contas. Os defensores da presidente Dilma Rousseff alegavam que o não julgamento pelo TCU dos atos apontados como irregulares era um dos motivos para que os parlamentares não afastassem a presidente. Mas os opositores alegavam que não havia na lei a vinculação e que a denúncia do Ministério Público do órgão já seria o suficiente. Em abril de 2015, o órgão de controle considerou que eram criminosas as chamadas pedaladas fiscais e deu um parecer pela rejeição das contas. O Congresso, que pode ou não referendar o parecer do TCU, ainda não decidiu sobre as contas de 2014. Logo depois que as contas foram rejeitadas pelo TCU, em outubro de 2015, a procuradoria entrou com outra denúncia para que fossem apuradas irregularidades semelhantes às de 2014 cometidas em 2015, o que ainda não foi apreciado pelo tribunal. Dilma foi afastada do cargo pelo Congresso, no entanto, devido a supostos problemas com as contas de 2015.",
        "class_label": 0,
        "prediction": "não"
    },
    {
        "title": "Chuva forte volta a colocar São Paulo em atenção para alagamentos",
        "text": "A intensa chuva que afeta a Grande São Paulo levou o CGE (Centro de Gerenciamento de Emergência) da prefeitura a colocar a cidade inteira em alerta para inundações por volta das 15h10 desta segunda-feira, 5 de dezembro. O calor intenso e a alta umidade do ar foram os responsáveis pelo aumento da precipitação, que se intensificou por volta das 14h40 nas áreas sul e leste da capital paulista, antes de se espalhar para outras regiões. Dois pontos de alagamento foram registrados, mas já haviam sido resolvidos por volta das 15h50. À época, a chuva mais forte estava nas áreas de Vila Prudente, São Mateus, Itaquera, Aricanduva/Formosa e parte de Cidade Tiradentes (zona leste), Vila Mariana e Ipiranga (zona sul), Pinheiros e Butantã (zona oeste), bem como entre Pirituba e Jaraguá (zona norte). Felizmente, o mau tempo não afetou os aeroportos de Congonhas e Cumbica, nem as linhas da CPTM. Para a terça-feira, 6 de dezembro, a previsão é de aumento da temperatura, com o calor e a alta umidade propiciando pancadas de chuva que podem ser bastante intensas entre a tarde e o começo da noite. O CGE alerta para a possibilidade de ventos fortes e novos alagamentos. As temperaturas devem oscilar entre 20°C e 30°C.",
        "class_label": 2,
        "prediction": "sim"
    },
    {
        "title": "Bob Dylan tem até 10 de junho para decidir se aceita o dinheiro do Nobel",
        "text": "A Academia Sueca advertiu o vencedor do Nobel de Literatura Bob Dylan que ele tem até 10 de junho para apresentar o discurso de aceitação, caso deseje receber o dinheiro da premiação. O cantor e compositor americano não compareceu à cerimônia solene de entrega do prêmio, no dia 10 de dezembro de 2016, e enviou apenas um discurso de agradecimento. A Academia sueca, que concede o prêmio, espera um discurso de aceitação, que abriria o caminho para a entrega de oito milhões coroas (€ 839 mil), parte do prêmio. O discurso, chamado de \"conferência/palestra Nobel\", pode ser feito em qualquer formato, inclusive uma transmissão por vídeo ou uma canção.  \"Não tivemos nenhuma conversa por telefone com Bob Dylan nos últimos meses. Dylan sabe que deve fazer uma conferência Nobel até 10 de junho no mais tardar para receber o pagamento\", escreveu Sara Danius, secretária permanente da Academia Sueca, em seu blog. \"O que ele decidir fazer é um problema dele\", completou. O artista tem três shows agendados na Suécia, dois deles em Estocolmo nos dias 1 e 2 de abril e o outro em Lund (sul) no dia 9. De acordo com Danius, as apresentações de Estocolmo estavam programadas muito antes do anúncio do Prêmio Nobel. Bob Dylan permanecerá como o vencedor do Nobel de Literatura de 2016, independente de apresentar o discurso ou não. \"No que diz respeito à Academia Sueca está claro que o vencedor do Prêmio Nobel de Literatura é Bob Dylan e mais ninguém\", destacou Danius. Dylan reagiu com um grande silêncio, um tema muito debatido na Suécia. Ele só falou sobre o Nobel duas semanas após o anúncio. Depois, o artista não apresentou nenhuma explicação sobre sua ausência na cerimônia de 10 de dezembro, mas enviou um discurso de agradecimento no qual dizia estar \"honrado por receber um prêmio tão prestigioso\". Antes de Bob Dylan, outros premiados como Doris Lessing, Harold Pinter ou Elfriede Jelinek não compareceram a Estocolmo, mas realizaram a \"conferência/palestra Nobel\".",
        "class_label": 0,
        "prediction": "não"
    },
    {
        "title": "'Vão ter que me aturar um pouquinho mais', avisa Cunha",
        "text": "Ao ser questionado se gostaria de enviar uma mensagem para aqueles que buscam sua remoção do cargo de presidente da Câmara, Eduardo Cunha respondeu: \"Vão ter que me suportar por um tempo maior\". Essa declaração foi feita logo depois de o PSOL e a Rede Sustentabilidade terem protocolado, no Conselho de Ética da Câmara, uma representação pedindo a cassação do mandato de Cunha, alegando que ele quebrou o decoro parlamentar. Cunha, mais uma vez, evitou comentar sobre as acusações de que ele e seus familiares possuem contas secretas na Suíça. Essas acusações estão entre os motivos pelos quais os partidos estão solicitando a perda do mandato do presidente da Câmara. \"Quando o inquérito foi instaurado, o PSOL pediu meu afastamento, quando houve o depoimento do delator, pediram meu afastamento, quando foi apresentada a denúncia, pediram meu afastamento. Então, por que não pediriam agora? Já foram feitas duas representações na corregedoria. São meus opositores políticos. Isso é comum\", disse o presidente da Câmara, que ainda reforçou: \"Estou firme\".",
        "class_label": 2,
        "prediction": "sim"
    },
    {
        "title": "'Congresso tem compromisso com a retomada do crescimento ', diz Dilma",
        "text": "No momento em que o governo federal atua para arquivar pedido de impeachment na Câmara, a presidente Dilma Rousseff fez um elogio público ao Congresso Nacional, nesta segunda-feira (11). Em cerimônia de sanção de projeto de lei que cria novo marco legal para a área de pesquisa e estudo, a petista ressaltou que o Legislativo tem \"compromisso com a retomada do crescimento econômico\" e observou a importância de esforços suprapartidários no Congresso Nacional. \"Ao aprovar por unanimidade essa legislação, o Congresso Nacional mostrou mais uma vez o seu compromisso com as reformas necessárias para a retomada do crescimento econômico na situação em que vivemos\", afirmou. \"Eu agradeço a todos os congressistas por mais esse esforço suprapartidário de criar as bases para que a inovação se torne o motor de nosso desenvolvimento\", acrescentou. O Planalto avalia que o processo de impeachment perdeu força, mas tem atuado para que ele seja arquivado ainda na Câmara, o que representaria uma vitória para o governo. Nesse esforço, o núcleo político do Planalto negocia a liberação de emendas parlamentares e a indicação de cargos de segundo e terceiro escalões. Para conquistar o apoio do PMDB, partido com a maior bancada na Câmara, a presidente também tenta um armistício com o vice-presidente Michel Temer. O esforço envolve a tentativa de dar maior protagonismo ao peemedebista tanto na área política como na econômica, já que ele tem se queixado de seu isolamento em questões administrativas. Na cerimônia, a presidente reconheceu que o país tem dificuldades em transformar capacidade de conhecimento em inovação científica e defendeu a necessidade de se aumentar a competitividade para gerar um novo ciclo de desenvolvimento econômico. \"De nada adianta desenvolver uma tecnologia revolucionária se ela permanecer na estante de um laboratório ou de um centro de pesquisa\", afirmou. O projeto de lei sancionado aumenta a segurança e flexibilização para a pesquisa científica, facilita a importação de insumos para estudos e projetos e amplia o tempo máximo para que professores de universidades federais atuem em iniciativas de desenvolvimento e inovação. A medida também altera o Estatuto do Estrangeiro, permitindo a contratação de cientistas, técnicos e tecnólogos por empresas privadas e permite a participação do poder público no capital social de companhias particulares para o desenvolvimento de produtos e processos de inovação. Na cerimônia, promovida no Palácio do Planalto, a presidente também lançou edital que disponibilizará R$ 200 milhões para projetos de pesquisa científica e tecnológica.",
        "class_label": 0,
        "prediction": "não"
    },
    {
        "title": "Dilma sanciona regra mais favorável para aposentadorias",
        "text": "A presidente Dilma Rousseff sancionou nesta quinta-feira (5) regra mais favorável para as aposentadorias do INSS (Instituto Nacional do Seguro Social). Como antecipado pela Folha, a petista autorizou a adoção da nova fórmula aprovada pelo Congresso Nacional do chamado fator 85/95, que soma o tempo de contribuição à idade e funcionará como uma alternativa ao fator previdenciário. Para homens, a soma deverá ser de 95 pontos, com tempo de contribuição de pelo menos 35 anos. Para as mulheres, deverá ser de 85 pontos, com contribuição de pelo menos 30 anos. Pela nova regra, publicada na edição de ontem do \"Diário Oficial da União\", a soma da idade e do tempo de contribuição de homens e mulheres terá aumento gradual de um ponto a partir de 31 de dezembro de 2018, quando passará para 86/96. Os novos aumentos foram estabelecidos para a mesma data dos anos de 2020, 2022, 2024 e 2026, quando a relação chegará a 90/100. O objetivo é acompanhar o aumento da expectativa de vida da população brasileira. Quando enviou a proposta do fator 85/95 ao Congresso, via medida provisória, o governo estabeleceu um escalonamento diferente para atingir 90/100, que seria alcançado em 2022. Com a alteração da proposta pelos parlamentares, haverá uma economia maior para a Previdência no período 2015-2018. Em vez de economizar R$ 12,207 bilhões com a medida, como inicialmente previsto, o governo alcançará uma redução de gastos de R$ 17,481 bilhões. Mudanças na aposentadoria MAGISTÉRIO Para professores e professoras que comprovarem tempo de trabalho exclusivo no magistério, a nova lei estabelece que o tempo mínimo de contribuição deverá ser, respectivamente, de 30 e 25 anos, sendo acrescidos 5 pontos à soma de idade e tempo. Na publicação, a presidente vetou dispositivos que foram incluídos pelo Congresso Nacional, como a \"reaposentadoria\", possibilidade de as pessoas que continuaram trabalhando após a aposentadoria pedirem, ao completarem cinco anos de novas contribuições, o recálculo do benefício. O mecanismo, inserido pela Câmara dos Deputados, poderia gerar um rombo de R$ 70 bilhões em 20 anos à Previdência Social, segundo cálculos do governo de 2014. O assunto está sendo discutido no Supremo Tribunal Federal (STF) e a estimativa é que existam atualmente 123 mil ações judiciais de aposentados requerendo o recálculo de seus benefícios, segundo estimativas de parlamentares. Na sanção da lei, a presidente Dilma vetou ainda mecanismos que alterariam o seguro-desemprego para trabalhadores rurais e aumentariam a concessão de seguro-desemprego para pescadores. No texto, o governo também tornou obrigatória a adesão de servidores públicos ao fundo federal criado para complementar as aposentadorias do funcionalismo da União. Mas, caso não queiram complementar seus benefícios, os funcionários poderão requerer a qualquer momento a desvinculação do fundo.",
        "class_label": 0,
        "prediction": "não"
    }
]